<?xml version="1.0" encoding="UTF-8" ?>
<!DOCTYPE mapper
PUBLIC "-//mybatis.org//DTD Mapper 3.0//EN"
"http://mybatis.org/dtd/mybatis-3-mapper.dtd">
<mapper namespace="com.ruoyi.fmis.finance.mapper.BizBillContractMapper">
    
    <resultMap type="BizBillContract" id="BizBillContractResult">
        <result property="bcId"    column="bc_id"    />
        <result property="billId"    column="bill_id"    />
        <result property="dataId"    column="data_id"    />
        <result property="amount"    column="amount"    />
        <result property="bookKeeper"    column="book_keeper"    />
        <result property="auditStatus"    column="audit_status"    />
        <result property="remark"    column="remark"    />
        <result property="createBy"    column="create_by"    />
        <result property="createTime"    column="create_time"    />
        <result property="updateBy"    column="update_by"    />
        <result property="updateTime"    column="update_time"    />
        <result property="saleContractNo"    column="saleContractNo"    />
        <result property="createByName"    column="createByName"    />
    </resultMap>

    <sql id="selectBizBillContractVo">
        select bc_id, bill_id, data_id, amount, book_keeper,audit_status, remark, create_by, create_time, update_by, update_time from biz_bill_contract a
    </sql>

    <sql id="selectBizBillContractListVo">
        select bbc.bc_id, bbc.bill_id, bbc.data_id, bbc.amount, bbc.book_keeper,bbc.audit_status, bbc.remark, bbc.create_by, bbc.create_time, bbc.update_by, bbc.update_time,
               bpd.string1 saleContractNo, u.user_name as createByName
        from biz_bill_contract bbc
        left join biz_process_data bpd on bbc.data_id=bpd.data_id
        left join sys_user u on u.user_id=bbc.create_by
    </sql>

    <select id="selectBizBillContractList" parameterType="BizBillContract" resultMap="BizBillContractResult">
        <include refid="selectBizBillContractListVo"/>
        <where>  
            <if test="billId != null "> and bbc.bill_id = #{billId}</if>
            <if test="dataId != null "> and bbc.data_id = #{dataId}</if>
        </where>
    </select>
    
    <select id="selectBizBillContractById" parameterType="Long" resultMap="BizBillContractResult">
        <include refid="selectBizBillContractVo"/>
        where bc_id = #{bcId}

    </select>

    <select id="selectBizBillContractByDataIds" parameterType="Long" resultMap="BizBillContractResult">
        <include refid="selectBizBillContractVo"/>
        <if test="dataIds != null and dataIds.size()>0">
            where data_id in
            <foreach item="dataId" collection="dataIds" open="(" separator="," close=")">
                #{dataId}
            </foreach>
        </if>
    </select>
        
    <insert id="insertBizBillContract" parameterType="BizBillContract" useGeneratedKeys="true" keyProperty="bcId">
        insert into biz_bill_contract
        <trim prefix="(" suffix=")" suffixOverrides=",">
            <if test="billId != null ">bill_id,</if>
            <if test="dataId != null ">data_id,</if>
            <if test="amount != null ">amount,</if>
            <if test="bookKeeper != null  and bookKeeper != ''">book_keeper,</if>
            <if test="auditStatus != null">audit_status,</if>
            <if test="remark != null  and remark != ''">remark,</if>
            <if test="createBy != null  and createBy != ''">create_by,</if>
            <if test="createTime != null ">create_time,</if>
            <if test="updateBy != null  and updateBy != ''">update_by,</if>
            <if test="updateTime != null ">update_time,</if>
         </trim>
        <trim prefix="values (" suffix=")" suffixOverrides=",">
            <if test="billId != null ">#{billId},</if>
            <if test="dataId != null ">#{dataId},</if>
            <if test="amount != null ">#{amount},</if>
            <if test="bookKeeper != null  and bookKeeper != ''">#{bookKeeper},</if>
            <if test="auditStatus != null">#{auditStatus},</if>
            <if test="remark != null  and remark != ''">#{remark},</if>
            <if test="createBy != null  and createBy != ''">#{createBy},</if>
            <if test="createTime != null ">#{createTime},</if>
            <if test="updateBy != null  and updateBy != ''">#{updateBy},</if>
            <if test="updateTime != null ">#{updateTime},</if>
         </trim>
    </insert>

    <update id="updateBizBillContract" parameterType="BizBillContract">
        update biz_bill_contract
        <trim prefix="SET" suffixOverrides=",">
            <if test="billId != null ">bill_id = #{billId},</if>
            <if test="dataId != null ">data_id = #{dataId},</if>
            <if test="amount != null ">amount = #{amount},</if>
            <if test="bookKeeper != null  and bookKeeper != ''">book_keeper = #{bookKeeper},</if>
            <if test="auditStatus != null">audit_status = #{auditStatus},</if>
            <if test="remark != null  and remark != ''">remark = #{remark},</if>
            <if test="createBy != null  and createBy != ''">create_by = #{createBy},</if>
            <if test="createTime != null ">create_time = #{createTime},</if>
            <if test="updateBy != null  and updateBy != ''">update_by = #{updateBy},</if>
            <if test="updateTime != null ">update_time = #{updateTime},</if>
        </trim>
        where bc_id = #{bcId}
    </update>

    <delete id="deleteBizBillContractById" parameterType="Long">
        delete from biz_bill_contract where bc_id = #{bcId}
    </delete>

    <delete id="deleteBizBillContractByIds" parameterType="String">
        delete from biz_bill_contract where bc_id in 
        <foreach item="bcId" collection="array" open="(" separator="," close=")">
            #{bcId}
        </foreach>
    </delete>
    
</mapper>