<?xml version="1.0" encoding="UTF-8" ?>
<!DOCTYPE mapper
        PUBLIC "-//mybatis.org//DTD Mapper 3.0//EN"
        "http://mybatis.org/dtd/mybatis-3-mapper.dtd">
<mapper namespace="com.ruoyi.fmis.customer.mapper.BizCustomerMapper">

    <resultMap type="BizCustomer" id="BizCustomerResult">
        <result property="customerId" column="customer_id"/>
        <result property="recordDate" column="record_date"/>
        <result property="companyCode" column="company_code"/>
        <result property="area" column="area"/>
        <result property="recordCode" column="record_code"/>
        <result property="ownerUserId" column="owner_user_id"/>
        <result property="name" column="name"/>
        <result property="projectAme" column="project_ame"/>
        <result property="contactName" column="contact_name"/>
        <result property="contactPosition" column="contact_position"/>
        <result property="contactPhone" column="contact_phone"/>
        <result property="contactEmail" column="contact_email"/>
        <result property="brand" column="brand"/>
        <result property="info" column="info"/>
        <result property="productInfo" column="product_info"/>
        <result property="remark" column="remark"/>
        <result property="status" column="status"/>
        <result property="delFlag" column="del_flag"/>
        <result property="createBy" column="create_by"/>
        <result property="createTime" column="create_time"/>
        <result property="updateBy" column="update_by"/>
        <result property="updateTime" column="update_time"/>

        <result property="areaCode" column="area_code"/>
        <result property="source" column="source"/>
        <result property="recordType" column="record_type"/>
        <result property="recordNum" column="record_num"/>
        <result property="telephone" column="telephone"/>
        <result property="fax" column="fax"/>
        <result property="companyAddress" column="company_address"/>
        <result property="deptId" column="dept_id"/>

        <result property="customerLevel" column="customer_level"/>
        <result property="codeName" column="code_name"/>
        <result property="industryDivision" column="industry_division"/>
        <result property="allocationDate" column="allocation_date"/>
        <result property="assignNumber" column="assign_number"/>
        <result property="fileNumber" column="file_number"/>
        <result property="filePaths" column="file_paths"/>

        <result property="newStatus" column="new_status"/>

        <result property="string1" column="string1"/>
        <result property="string2" column="string2"/>
        <result property="string3" column="string3"/>
        <result property="string4" column="string4"/>
        <result property="string5" column="string5"/>
        <result property="string6" column="string6"/>
        <result property="string7" column="string7"/>
        <result property="string8" column="string8"/>
        <result property="string9" column="string9"/>
        <result property="string10" column="string10"/>
    </resultMap>

    <sql id="selectBizCustomerVo">
        select customer_id, record_date, company_code, area, record_code, owner_user_id, name, project_ame, contact_name, contact_position, contact_phone, contact_email, brand, info, product_info, remark, status, del_flag, create_by, create_time, update_by, update_time,area_code,source,record_type,record_num,telephone,fax,company_address,dept_id,
         customer_level,code_name,industry_division,allocation_date,assign_number,file_number,file_paths,new_status,
         string1,string2,string3,string4,string5,string6,string7,string8,string9,string10,
         string11,string12,string13,string14,string15,string16,string17,string18,string19,string20
         from biz_customer
    </sql>

    <sql id="selectBizCustomerDictVo">
        select c.customer_id, c.record_date, c.company_code, c.area, c.record_code, u.user_name as owner_user_id,
        c.name, c.project_ame, c.contact_name, c.contact_position, c.contact_phone, c.contact_email,
        c.brand, c.info, c.product_info, c.remark, c.status, c.del_flag, c.create_by, c.create_time, c.update_by,
        c.update_time,
        c.area_code,c.source,c.record_type,c.record_num,c.telephone,c.fax,c.company_address,c.dept_id,dt.dept_name
        deptName,
        c.customer_level,c.code_name,c.industry_division,c.allocation_date,c.assign_number,c.file_number,c.file_paths,c.new_status,
        ad.code_name as
        areaCodeName,c.string1,c.string2,c.string3,c.string4,c.string5,c.string6,c.string7,c.string8,c.string9,c.string10,
        c.string11,c.string12,c.string13,c.string14,c.string15,c.string16,c.string17,c.string18,c.string19,c.string20

        from biz_customer c
        left join sys_user u on c.owner_user_id=u.user_id

        left join sys_dept dt on u.dept_id=dt.dept_id

        left join sys_dict_data dd on dd.dict_type='customer_area' and dd.dict_value=c.area

        left join biz_area_dict ad on ad.area=dd.dict_label


        where c.del_flag = '0'
        <!-- 数据范围过滤 -->
        ${params.dataScope}

    </sql>

    <select id="selectBizCustomerList" parameterType="BizCustomer" resultMap="BizCustomerResult">
        <include refid="selectBizCustomerDictVo"/>
        <if test="recordDate != null and recordDate != ''">and c.record_date = #{recordDate}</if>
        <if test="companyCode != null  and companyCode != ''">and c.company_code like concat('%', #{companyCode}, '%')
        </if>
        <if test="area != null  and area != ''">and c.area = #{area}</if>
        <if test="recordCode != null  and recordCode != ''">and c.record_code like concat('%', #{recordCode}, '%')</if>

        <if test="name != null  and name != ''">and c.name like concat('%', #{name}, '%')</if>
        <if test="projectAme != null  and projectAme != ''">and c.project_ame like concat('%', #{projectAme}, '%')</if>
        <if test="contactName != null  and contactName != ''">and c.contact_name like concat('%', #{contactName}, '%')
        </if>
        <if test="contactPosition != null  and contactPosition != ''">and c.contact_position = #{contactPosition}</if>
        <if test="contactPhone != null  and contactPhone != ''">and c.contact_phone = #{contactPhone}</if>
        <if test="contactEmail != null  and contactEmail != ''">and c.contact_email = #{contactEmail}</if>
        <if test="brand != null  and brand != ''">and c.brand = #{brand}</if>
        <if test="info != null  and info != ''">and c.info = #{info}</if>
        <if test="productInfo != null  and productInfo != ''">and c.product_info like concat('%', #{productInfo}, '%')
        </if>
        <if test="status != null  and status != ''">and c.status = #{status}</if>

        <if test="customerLevel != null  and customerLevel != ''">and c.customer_level = #{customerLevel}</if>
        <if test="codeName != null  and codeName != ''">and c.code_name like concat('%', #{codeName}, '%')</if>
        <if test="industryDivision != null  and industryDivision != ''">and c.industry_division = #{industryDivision}
        </if>
        <if test="source != null  and source != ''">and c.source = #{source}</if>
        <if test="areaCode != null  and areaCode != ''">and c.area_code = #{areaCode}</if>
        <if test="queryType == 0" >
            <if test="ownerUserId != null  and ownerUserId != ''">and u.user_name like concat('%', #{ownerUserId}, '%')</if>
        </if>
        <if test="queryType == 1" >
            and (c.owner_user_id is null or c.owner_user_id = '')
        </if>

        <if test="deptName != null  and deptName != ''">and dt.dept_name like concat('%', #{deptName}, '%')</if>

        <if test="params.beginTime != null and params.beginTime != ''"><!-- 开始时间检索 -->
            AND date_format(c.allocation_date,'%y%m%d') &gt;= date_format(#{params.beginTime},'%y%m%d')
        </if>
        <if test="params.endTime != null and params.endTime != ''"><!-- 结束时间检索 -->
            AND date_format(c.allocation_date,'%y%m%d') &lt;= date_format(#{params.endTime},'%y%m%d')
        </if>

        <if test="assignNumber != null  and assignNumber != ''">and c.assign_number = #{assignNumber}</if>
        <if test="fileNumber != null  and fileNumber != ''">and c.file_number like concat('%', #{fileNumber}, '%')</if>
        <if test="recordType != null  and recordType != ''">and c.record_type = #{recordType}</if>
        order by c.create_time desc
    </select>

    <select id="selectBizCustomerListByName" parameterType="BizCustomer" resultMap="BizCustomerResult">
        <include refid="selectBizCustomerDictVo"/>
        <if test="recordDate != null and recordDate != ''">and c.record_date = #{recordDate}</if>
        <if test="companyCode != null  and companyCode != ''">and c.company_code like concat('%', #{companyCode}, '%')
        </if>
        <if test="area != null  and area != ''">and c.area = #{area}</if>
        <if test="recordCode != null  and recordCode != ''">and c.record_code like concat('%', #{recordCode}, '%')</if>

        <if test="name != null  and name != ''">and c.name = #{name}</if>
        <if test="projectAme != null  and projectAme != ''">and c.project_ame like concat('%', #{projectAme}, '%')</if>
        <if test="contactName != null  and contactName != ''">and c.contact_name = #{contactName}
        </if>
        <if test="contactPosition != null  and contactPosition != ''">and c.contact_position = #{contactPosition}</if>
        <if test="contactPhone != null  and contactPhone != ''">and c.contact_phone = #{contactPhone}</if>
        <if test="contactEmail != null  and contactEmail != ''">and c.contact_email = #{contactEmail}</if>
        <if test="brand != null  and brand != ''">and c.brand = #{brand}</if>
        <if test="info != null  and info != ''">and c.info = #{info}</if>
        <if test="productInfo != null  and productInfo != ''">and c.product_info like concat('%', #{productInfo}, '%')
        </if>
        <if test="status != null  and status != ''">and c.status = #{status}</if>

        <if test="customerLevel != null  and customerLevel != ''">and c.customer_level = #{customerLevel}</if>
        <if test="codeName != null  and codeName != ''">and c.code_name like concat('%', #{codeName}, '%')</if>
        <if test="industryDivision != null  and industryDivision != ''">and c.industry_division = #{industryDivision}
        </if>
        <if test="source != null  and source != ''">and c.source = #{source}</if>
        <if test="areaCode != null  and areaCode != ''">and c.area_code = #{areaCode}</if>
        <if test="ownerUserId != null  and ownerUserId != ''">and u.user_name like concat('%', #{ownerUserId}, '%')</if>
        <if test="deptName != null  and deptName != ''">and dt.dept_name like concat('%', #{deptName}, '%')</if>

        <if test="params.beginTime != null and params.beginTime != ''"><!-- 开始时间检索 -->
            AND date_format(c.allocation_date,'%y%m%d') &gt;= date_format(#{params.beginTime},'%y%m%d')
        </if>
        <if test="params.endTime != null and params.endTime != ''"><!-- 结束时间检索 -->
            AND date_format(c.allocation_date,'%y%m%d') &lt;= date_format(#{params.endTime},'%y%m%d')
        </if>

        <if test="assignNumber != null  and assignNumber != ''">and c.assign_number = #{assignNumber}</if>
        <if test="fileNumber != null  and fileNumber != ''">and c.file_number like concat('%', #{fileNumber}, '%')</if>
        <if test="recordType != null  and recordType != ''">and c.record_type = #{recordType}</if>
        order by c.create_time desc
    </select>

    <sql id="selectBizCustomerDictSelfVo">
        select c.customer_id, c.record_date, c.company_code, c.area, c.record_code, u.user_name as owner_user_id, c.name, c.project_ame, c.contact_name, c.contact_position, c.contact_phone, c.contact_email,
        c.brand, c.info, c.product_info, c.remark, c.status, c.del_flag, c.create_by, c.create_time, c.update_by, c.update_time,
        c.area_code,c.source,c.record_type,c.record_num,c.telephone,c.fax,c.company_address,c.dept_id,dt.dept_name deptName,
        c.customer_level,c.code_name,c.industry_division,c.allocation_date,c.assign_number,c.file_number,c.file_paths,c.new_status,
        ad.code_name as areaCodeName,c.string1,c.string2,c.string3,c.string4,c.string5,c.string6,c.string7,c.string8,c.string9,c.string10,
        c.string11,c.string12,c.string13,c.string14,c.string15,c.string16,c.string17,c.string18,c.string19,c.string20

        from biz_customer c
        left join sys_user u on c.owner_user_id=u.user_id

        left join sys_dept dt on u.dept_id=dt.dept_id

        left join sys_dict_data dd on dd.dict_type='customer_area' and dd.dict_value=c.area

        left join biz_area_dict ad on ad.area=dd.dict_label


        where c.del_flag = '0'
        and c.owner_user_id = #{userId}

    </sql>

    <select id="selectBizCustomerSelfList" parameterType="BizCustomer" resultMap="BizCustomerResult">
        <include refid="selectBizCustomerDictSelfVo"/>
        <if test="recordDate != null and recordDate != ''">and c.record_date = #{recordDate}</if>
        <if test="companyCode != null  and companyCode != ''">and c.company_code like concat('%', #{companyCode}, '%')
        </if>
        <if test="area != null  and area != ''">and c.area = #{area}</if>
        <if test="recordCode != null  and recordCode != ''">and c.record_code like concat('%', #{recordCode}, '%')</if>

        <if test="name != null  and name != ''">and c.name like concat('%', #{name}, '%')</if>
        <if test="projectAme != null  and projectAme != ''">and c.project_ame like concat('%', #{projectAme}, '%')</if>
        <if test="contactName != null  and contactName != ''">and c.contact_name like concat('%', #{contactName}, '%')
        </if>
        <if test="contactPosition != null  and contactPosition != ''">and c.contact_position = #{contactPosition}</if>
        <if test="contactPhone != null  and contactPhone != ''">and c.contact_phone = #{contactPhone}</if>
        <if test="contactEmail != null  and contactEmail != ''">and c.contact_email = #{contactEmail}</if>
        <if test="brand != null  and brand != ''">and c.brand = #{brand}</if>
        <if test="info != null  and info != ''">and c.info = #{info}</if>
        <if test="productInfo != null  and productInfo != ''">and c.product_info like concat('%', #{productInfo}, '%')
        </if>
        <if test="status != null  and status != ''">and c.status = #{status}</if>

        <if test="customerLevel != null  and customerLevel != ''">and c.customer_level = #{customerLevel}</if>
        <if test="codeName != null  and codeName != ''">and c.code_name like concat('%', #{codeName}, '%')</if>
        <if test="industryDivision != null  and industryDivision != ''">and c.industry_division = #{industryDivision}
        </if>
        <if test="source != null  and source != ''">and c.source = #{source}</if>
        <if test="areaCode != null  and areaCode != ''">and c.area_code = #{areaCode}</if>
        <if test="ownerUserId != null  and ownerUserId != ''">and u.user_name like concat('%', #{ownerUserId}, '%')</if>
        <if test="deptName != null  and deptName != ''">and dt.dept_name like concat('%', #{deptName}, '%')</if>

        <if test="params.beginTime != null and params.beginTime != ''"><!-- 开始时间检索 -->
            AND date_format(c.allocation_date,'%y%m%d') &gt;= date_format(#{params.beginTime},'%y%m%d')
        </if>
        <if test="params.endTime != null and params.endTime != ''"><!-- 结束时间检索 -->
            AND date_format(c.allocation_date,'%y%m%d') &lt;= date_format(#{params.endTime},'%y%m%d')
        </if>

        <if test="assignNumber != null  and assignNumber != ''">and c.assign_number = #{assignNumber}</if>
        <if test="fileNumber != null  and fileNumber != ''">and c.file_number like concat('%', #{fileNumber}, '%')</if>
        <if test="recordType != null  and recordType != ''">and c.record_type = #{recordType}</if>
        order by c.create_time desc
    </select>


    <select id="selectBizCustomerById" parameterType="Long" resultMap="BizCustomerResult">
        <include refid="selectBizCustomerVo"/>
        where customer_id = #{customerId}
    </select>

    <select id="selectBizCustomerListWithAdmin" resultMap="BizCustomerResult">
        <include refid="selectBizCustomerVo"/>
        where owner_user_id is not null or owner_user_id != ''
    </select>

    <insert id="insertBizCustomer" parameterType="BizCustomer" useGeneratedKeys="true" keyProperty="customerId">
        insert into biz_customer
        <trim prefix="(" suffix=")" suffixOverrides=",">
            <if test="recordDate != null ">record_date,</if>
            <if test="companyCode != null  and companyCode != ''">company_code,</if>
            <if test="area != null  and area != ''">area,</if>
            <if test="recordCode != null  and recordCode != ''">record_code,</if>
            <if test="ownerUserId != null and ownerUserId != ''">owner_user_id,</if>
            <if test="name != null  and name != ''">name,</if>
            <if test="projectAme != null  and projectAme != ''">project_ame,</if>
            <if test="contactName != null  and contactName != ''">contact_name,</if>
            <if test="contactPosition != null  and contactPosition != ''">contact_position,</if>
            <if test="contactPhone != null  and contactPhone != ''">contact_phone,</if>
            <if test="contactEmail != null  and contactEmail != ''">contact_email,</if>
            <if test="brand != null  and brand != ''">brand,</if>
            <if test="info != null  and info != ''">info,</if>
            <if test="productInfo != null  and productInfo != ''">product_info,</if>
            <if test="remark != null  and remark != ''">remark,</if>
            <if test="status != null  and status != ''">status,</if>
            <if test="delFlag != null  and delFlag != ''">del_flag,</if>
            <if test="createBy != null  and createBy != ''">create_by,</if>
            <if test="createTime != null ">create_time,</if>
            <if test="updateBy != null  and updateBy != ''">update_by,</if>
            <if test="updateTime != null ">update_time,</if>

            <if test="areaCode != null ">area_code,</if>
            <if test="source != null ">source,</if>
            <if test="recordType != null ">record_type,</if>
            <if test="recordNum != null ">record_num,</if>
            <if test="telephone != null ">telephone,</if>
            <if test="fax != null ">fax,</if>
            <if test="companyAddress != null ">company_address,</if>
            <if test="deptId != null ">dept_id,</if>

            <if test="customerLevel != null ">customer_level,</if>
            <if test="codeName != null ">code_name,</if>
            <if test="industryDivision != null ">industry_division,</if>
            <if test="allocationDate != null ">allocation_date,</if>
            <if test="assignNumber != null ">assign_number,</if>
            <if test="fileNumber != null ">file_number,</if>
            <if test="filePaths != null ">file_paths,</if>
            <if test="newStatus != null ">new_status,</if>

            <if test="string1 != null  and string1 != ''">string1,</if>
            <if test="string2 != null  and string2 != ''">string2,</if>
            <if test="string3 != null  and string3 != ''">string3,</if>
            <if test="string4 != null  and string4 != ''">string4,</if>
            <if test="string5 != null  and string5 != ''">string5,</if>
            <if test="string6 != null  and string6 != ''">string6,</if>
            <if test="string7 != null  and string7 != ''">string7,</if>
            <if test="string8 != null  and string8 != ''">string8,</if>
            <if test="string9 != null  and string9 != ''">string9,</if>
            <if test="string10 != null  and string10 != ''">string10,</if>

            <if test="string11 != null  and string11 != ''">string11,</if>
            <if test="string12 != null  and string12 != ''">string12,</if>
            <if test="string13 != null  and string13 != ''">string13,</if>
            <if test="string14 != null  and string14 != ''">string14,</if>
            <if test="string15 != null  and string15 != ''">string15,</if>
            <if test="string16 != null  and string16 != ''">string16,</if>
            <if test="string17 != null  and string17 != ''">string17,</if>
            <if test="string18 != null  and string18 != ''">string18,</if>
            <if test="string19 != null  and string19 != ''">string19,</if>
            <if test="string20 != null  and string20 != ''">string20,</if>
        </trim>
        <trim prefix="values (" suffix=")" suffixOverrides=",">
            <if test="recordDate != null ">#{recordDate},</if>
            <if test="companyCode != null  and companyCode != ''">#{companyCode},</if>
            <if test="area != null  and area != ''">#{area},</if>
            <if test="recordCode != null  and recordCode != ''">#{recordCode},</if>
            <if test="ownerUserId != null and ownerUserId != ''">#{ownerUserId},</if>
            <if test="name != null  and name != ''">#{name},</if>
            <if test="projectAme != null  and projectAme != ''">#{projectAme},</if>
            <if test="contactName != null  and contactName != ''">#{contactName},</if>
            <if test="contactPosition != null  and contactPosition != ''">#{contactPosition},</if>
            <if test="contactPhone != null  and contactPhone != ''">#{contactPhone},</if>
            <if test="contactEmail != null  and contactEmail != ''">#{contactEmail},</if>
            <if test="brand != null  and brand != ''">#{brand},</if>
            <if test="info != null  and info != ''">#{info},</if>
            <if test="productInfo != null  and productInfo != ''">#{productInfo},</if>
            <if test="remark != null  and remark != ''">#{remark},</if>
            <if test="status != null  and status != ''">#{status},</if>
            <if test="delFlag != null  and delFlag != ''">#{delFlag},</if>
            <if test="createBy != null  and createBy != ''">#{createBy},</if>
            <if test="createTime != null ">#{createTime},</if>
            <if test="updateBy != null  and updateBy != ''">#{updateBy},</if>
            <if test="updateTime != null ">#{updateTime},</if>

            <if test="areaCode != null ">#{areaCode},</if>
            <if test="source != null ">#{source},</if>
            <if test="recordType != null ">#{recordType},</if>
            <if test="recordNum != null ">#{recordNum},</if>
            <if test="telephone != null ">#{telephone},</if>
            <if test="fax != null ">#{fax},</if>
            <if test="companyAddress != null ">#{companyAddress},</if>
            <if test="deptId != null ">#{deptId},</if>

            <if test="customerLevel != null ">#{customerLevel},</if>
            <if test="codeName != null ">#{codeName},</if>
            <if test="industryDivision != null ">#{industryDivision},</if>
            <if test="allocationDate != null ">#{allocationDate},</if>
            <if test="assignNumber != null ">#{assignNumber},</if>
            <if test="fileNumber != null ">#{fileNumber},</if>
            <if test="filePaths != null ">#{filePaths},</if>
            <if test="newStatus != null ">#{newStatus},</if>

            <if test="string1 != null  and string1 != ''">#{string1},</if>
            <if test="string2 != null  and string2 != ''">#{string2},</if>
            <if test="string3 != null  and string3 != ''">#{string3},</if>
            <if test="string4 != null  and string4 != ''">#{string4},</if>
            <if test="string5 != null  and string5 != ''">#{string5},</if>
            <if test="string6 != null  and string6 != ''">#{string6},</if>
            <if test="string7 != null  and string7 != ''">#{string7},</if>
            <if test="string8 != null  and string8 != ''">#{string8},</if>
            <if test="string9 != null  and string9 != ''">#{string9},</if>
            <if test="string10 != null  and string10 != ''">#{string10},</if>

            <if test="string11 != null  and string11 != ''">#{string11},</if>
            <if test="string12 != null  and string12 != ''">#{string12},</if>
            <if test="string13 != null  and string13 != ''">#{string13},</if>
            <if test="string14 != null  and string14 != ''">#{string14},</if>
            <if test="string15 != null  and string15 != ''">#{string15},</if>
            <if test="string16 != null  and string16 != ''">#{string16},</if>
            <if test="string17 != null  and string17 != ''">#{string17},</if>
            <if test="string18 != null  and string18 != ''">#{string18},</if>
            <if test="string19 != null  and string19 != ''">#{string19},</if>
            <if test="string20 != null  and string20 != ''">#{string20},</if>
        </trim>
    </insert>

    <update id="updateBizCustomer" parameterType="BizCustomer">
        update biz_customer
        <trim prefix="SET" suffixOverrides=",">
            <if test="recordDate != null ">record_date = #{recordDate},</if>
            <if test="companyCode != null  and companyCode != ''">company_code = #{companyCode},</if>
            <if test="area != null  and area != ''">area = #{area},</if>
            <if test="recordCode != null  and recordCode != ''">record_code = #{recordCode},</if>
            <if test="ownerUserId != null and ownerUserId != ''">owner_user_id = #{ownerUserId},</if>
            <if test="name != null  and name != ''">name = #{name},</if>
            <if test="projectAme != null  and projectAme != ''">project_ame = #{projectAme},</if>
            <if test="contactName != null  and contactName != ''">contact_name = #{contactName},</if>
            <if test="contactPosition != null  and contactPosition != ''">contact_position = #{contactPosition},</if>
            <if test="contactPhone != null  and contactPhone != ''">contact_phone = #{contactPhone},</if>
            <if test="contactEmail != null  and contactEmail != ''">contact_email = #{contactEmail},</if>
            <if test="brand != null  and brand != ''">brand = #{brand},</if>
            <if test="info != null  and info != ''">info = #{info},</if>
            <if test="productInfo != null  and productInfo != ''">product_info = #{productInfo},</if>
            <if test="remark != null  and remark != ''">remark = #{remark},</if>
            <if test="status != null  and status != ''">status = #{status},</if>
            <if test="delFlag != null  and delFlag != ''">del_flag = #{delFlag},</if>
            <if test="createBy != null  and createBy != ''">create_by = #{createBy},</if>
            <if test="createTime != null ">create_time = #{createTime},</if>
            <if test="updateBy != null  and updateBy != ''">update_by = #{updateBy},</if>
            <if test="updateTime != null ">update_time = #{updateTime},</if>

            <if test="areaCode != null ">area_code = #{areaCode},</if>
            <if test="source != null ">source = #{source},</if>
            <if test="recordType != null ">record_type = #{recordType},</if>
            <if test="recordNum != null ">record_num = #{recordNum},</if>
            <if test="telephone != null ">telephone = #{telephone},</if>
            <if test="fax != null ">fax = #{fax},</if>
            <if test="companyAddress != null ">company_address = #{companyAddress},</if>
            <if test="deptId != null ">dept_id = #{deptId},</if>

            <if test="customerLevel != null ">customer_level = #{customerLevel},</if>
            <if test="codeName != null ">code_name = #{codeName},</if>
            <if test="industryDivision != null ">industry_division = #{industryDivision},</if>
            <if test="allocationDate != null ">allocation_date = #{allocationDate},</if>
            <if test="assignNumber != null ">assign_number = #{assignNumber},</if>
            <if test="fileNumber != null ">file_number = #{fileNumber},</if>
            <if test="filePaths != null ">file_paths = #{filePaths},</if>
            <if test="newStatus != null ">new_status = #{newStatus},</if>

            <if test="string1 != null  and string1 != ''">string1 = #{string1},</if>
            <if test="string2 != null  and string2 != ''">string2 = #{string2},</if>
            <if test="string3 != null  and string3 != ''">string3 = #{string3},</if>
            <if test="string4 != null  and string4 != ''">string4 = #{string4},</if>
            <if test="string5 != null  and string5 != ''">string5 = #{string5},</if>
            <if test="string6 != null  and string6 != ''">string6 = #{string6},</if>
            <if test="string7 != null  and string7 != ''">string7 = #{string7},</if>
            <if test="string8 != null  and string8 != ''">string8 = #{string8},</if>
            <if test="string9 != null  and string9 != ''">string9 = #{string9},</if>
            <if test="string10 != null  and string10 != ''">string10 = #{string10},</if>

            <if test="string11 != null  and string11 != ''">string11 = #{string11},</if>
            <if test="string12 != null  and string12 != ''">string12 = #{string12},</if>
            <if test="string13 != null  and string13 != ''">string13 = #{string13},</if>
            <if test="string14 != null  and string14 != ''">string14 = #{string14},</if>
            <if test="string15 != null  and string15 != ''">string15 = #{string15},</if>
            <if test="string16 != null  and string16 != ''">string16 = #{string16},</if>
            <if test="string17 != null  and string17 != ''">string17 = #{string17},</if>
            <if test="string18 != null  and string18 != ''">string18 = #{string18},</if>
            <if test="string19 != null  and string19 != ''">string19 = #{string19},</if>
            <if test="string20 != null  and string20 != ''">string20 = #{string20},</if>

        </trim>
        where customer_id = #{customerId}
    </update>

    <delete id="deleteBizCustomerById" parameterType="Long">
        delete from biz_customer where customer_id = #{customerId}
    </delete>

    <delete id="deleteBizCustomerByIds" parameterType="String">
        delete from biz_customer where customer_id in
        <foreach item="customerId" collection="array" open="(" separator="," close=")">
            #{customerId}
        </foreach>
    </delete>


    <select id="selectCustomerFileNumber" resultType="Long">
        select (max(CONVERT(right(file_number,4),UNSIGNED INTEGER)) + 1) as fileNumber from biz_customer where
        file_number is not null and file_number like concat('HL-',YEAR(NOW()),'-%') and length(file_number)=12
    </select>


    <select id="selectCustomerAll"  resultMap="BizCustomerResult">
        <include refid="selectBizCustomerVo"/>
        <if test="customerIds!=null and customerIds.size>0">
            where customer_id in
            <foreach item="customerId" collection="customerIds" open="(" separator="," close=")">
                #{customerId}
            </foreach>
        </if>
    </select>

    <update id="updateBizCustomerOwnerUserId" parameterType="long" >
        update biz_customer set owner_user_id = '' where customer_id =#{customerId}
    </update>

</mapper>