<?xml version="1.0" encoding="UTF-8" ?>
<!DOCTYPE mapper
PUBLIC "-//mybatis.org//DTD Mapper 3.0//EN"
"http://mybatis.org/dtd/mybatis-3-mapper.dtd">
<mapper namespace="com.ruoyi.fmis.dict.mapper.BizDictMapper">
    
    <resultMap type="BizDict" id="BizDictResult">
        <result property="dictId"    column="dict_id"    />
        <result property="name"    column="name"    />
        <result property="name1"    column="name1"    />
        <result property="code"    column="code"    />
        <result property="parentId"    column="parent_id"    />
        <result property="remark"    column="remark"    />
        <result property="status"    column="status"    />
        <result property="delFlag"    column="del_flag"    />
        <result property="createBy"    column="create_by"    />
        <result property="createTime"    column="create_time"    />
        <result property="updateBy"    column="update_by"    />
        <result property="updateTime"    column="update_time"    />
        <result property="parentType"    column="parent_type"    />
    </resultMap>

    <sql id="selectBizDictVo">
        select dict_id, name, name1, code, parent_id, remark, status, del_flag, create_by, create_time, update_by, update_time, parent_type from biz_dict
    </sql>

    <select id="selectBizDictList" parameterType="BizDict" resultMap="BizDictResult">
        <include refid="selectBizDictVo"/>
        <where>  
            <if test="name != null  and name != ''"> and name like concat('%', #{name}, '%')</if>
            <if test="code != null  and code != ''"> and code = #{code}</if>
            <if test="parentId != null "> and parent_id = #{parentId}</if>
            <if test="status != null  and status != ''"> and status = #{status}</if>
            <if test="parentType != null  and parentType != ''"> and parent_type = #{parentType}</if>
        </where>
    </select>
    
    <select id="selectBizDictById" parameterType="Long" resultMap="BizDictResult">
        <include refid="selectBizDictVo"/>
        where dict_id = #{dictId}
    </select>
        
    <insert id="insertBizDict" parameterType="BizDict" useGeneratedKeys="true" keyProperty="dictId">
        insert into biz_dict
        <trim prefix="(" suffix=")" suffixOverrides=",">
            <if test="name != null  and name != ''">name,</if>
            <if test="name1 != null  and name1 != ''">name1,</if>
            <if test="code != null  and code != ''">code,</if>
            <if test="parentId != null ">parent_id,</if>
            <if test="remark != null  and remark != ''">remark,</if>
            <if test="status != null  and status != ''">status,</if>
            <if test="delFlag != null  and delFlag != ''">del_flag,</if>
            <if test="createBy != null  and createBy != ''">create_by,</if>
            <if test="createTime != null ">create_time,</if>
            <if test="updateBy != null  and updateBy != ''">update_by,</if>
            <if test="updateTime != null ">update_time,</if>
            <if test="parentType != null  and parentType != ''">parent_type,</if>
         </trim>
        <trim prefix="values (" suffix=")" suffixOverrides=",">
            <if test="name != null  and name != ''">#{name},</if>
            <if test="name1 != null  and name1 != ''">#{name1},</if>
            <if test="code != null  and code != ''">#{code},</if>
            <if test="parentId != null ">#{parentId},</if>
            <if test="remark != null  and remark != ''">#{remark},</if>
            <if test="status != null  and status != ''">#{status},</if>
            <if test="delFlag != null  and delFlag != ''">#{delFlag},</if>
            <if test="createBy != null  and createBy != ''">#{createBy},</if>
            <if test="createTime != null ">#{createTime},</if>
            <if test="updateBy != null  and updateBy != ''">#{updateBy},</if>
            <if test="updateTime != null ">#{updateTime},</if>
            <if test="parentType != null  and parentType != ''">#{parentType},</if>
         </trim>
    </insert>

    <update id="updateBizDict" parameterType="BizDict">
        update biz_dict
        <trim prefix="SET" suffixOverrides=",">
            <if test="name != null  and name != ''">name = #{name},</if>
            <if test="name1 != null  and name1 != ''">name1 = #{name1},</if>
            <if test="code != null  and code != ''">code = #{code},</if>
            <if test="parentId != null ">parent_id = #{parentId},</if>
            <if test="remark != null  and remark != ''">remark = #{remark},</if>
            <if test="status != null  and status != ''">status = #{status},</if>
            <if test="delFlag != null  and delFlag != ''">del_flag = #{delFlag},</if>
            <if test="createBy != null  and createBy != ''">create_by = #{createBy},</if>
            <if test="createTime != null ">create_time = #{createTime},</if>
            <if test="updateBy != null  and updateBy != ''">update_by = #{updateBy},</if>
            <if test="updateTime != null ">update_time = #{updateTime},</if>
            <if test="parentType != null  and parentType != ''">parent_type = #{parentType},</if>
        </trim>
        where dict_id = #{dictId}
    </update>

    <delete id="deleteBizDictById" parameterType="Long">
        delete from biz_dict where dict_id = #{dictId}
    </delete>

    <delete id="deleteBizDictByIds" parameterType="String">
        delete from biz_dict where dict_id in 
        <foreach item="dictId" collection="array" open="(" separator="," close=")">
            #{dictId}
        </foreach>
    </delete>
    
</mapper>