<?xml version="1.0" encoding="UTF-8" ?>
<!DOCTYPE mapper
PUBLIC "-//mybatis.org//DTD Mapper 3.0//EN"
"http://mybatis.org/dtd/mybatis-3-mapper.dtd">
<mapper namespace="com.ruoyi.fmis.flow.mapper.BizFlowMapper">
    
    <resultMap type="BizFlow" id="BizFlowResult">
        <result property="flowId"    column="flow_id"    />
        <result property="bizTable"    column="biz_table"    />
        <result property="bizId"    column="biz_id"    />
        <result property="examineUserId"    column="examine_user_id"    />
        <result property="flowStatus"    column="flow_status"    />
        <result property="remark"    column="remark"    />
        <result property="string1"    column="string1"    />
        <result property="string2"    column="string2"    />
        <result property="string3"    column="string3"    />
        <result property="string4"    column="string4"    />
        <result property="string5"    column="string5"    />
        <result property="status"    column="status"    />
        <result property="delFlag"    column="del_flag"    />
        <result property="createBy"    column="create_by"    />
        <result property="createTime"    column="create_time"    />
        <result property="updateBy"    column="update_by"    />
        <result property="updateTime"    column="update_time"    />
    </resultMap>

    <sql id="selectBizFlowVo">
        select flow_id, biz_table, biz_id, examine_user_id, flow_status, remark, string1, string2, string3, string4, string5, status, del_flag, create_by, create_time, update_by, update_time from biz_flow
    </sql>

    <select id="selectBizFlowList" parameterType="BizFlow" resultMap="BizFlowResult">
        <include refid="selectBizFlowVo"/>
        <where>
        </where>
    </select>


    <sql id="selectBizFlowViewVo">
      select f.flow_id, f.biz_table, f.biz_id, f.examine_user_id,u.user_name as examineUserName, f.flow_status, f.remark,
      f.string1, f.string2, f.string3, f.string4, f.string5, f.status, f.del_flag, f.create_by, f.create_time,
      f.update_by, f.update_time
      from biz_flow f
      left join sys_user u on u.user_id=f.examine_user_id

    </sql>

    <select id="selectBizFlowViewList" parameterType="BizFlow" resultMap="BizFlowResult">
        <include refid="selectBizFlowViewVo"/>
        <where>
            <if test="bizTable != null  and bizTable != ''">
             <if test="bizTable == '-1'">
             and f.biz_table != 'biz_quotation'
             </if>
             <if test="bizTable != '-1'">
                    and f.biz_table = #{bizTable}
             </if>
             </if>
            <if test="bizId != null"> and f.biz_id = #{bizId}</if>
             <if test="examineUserId != null" >and f.examine_user_id = #{examineUserId}</if>
            order by f.create_time desc
        </where>
    </select>


    <select id="selectBizFlowById" parameterType="Long" resultMap="BizFlowResult">
        <include refid="selectBizFlowVo"/>
        where flow_id = #{flowId}
    </select>
        
    <insert id="insertBizFlow" parameterType="BizFlow" useGeneratedKeys="true" keyProperty="flowId">
        insert into biz_flow
        <trim prefix="(" suffix=")" suffixOverrides=",">
            <if test="bizTable != null  and bizTable != ''">biz_table,</if>
            <if test="bizId != null ">biz_id,</if>
            <if test="examineUserId != null ">examine_user_id,</if>
            <if test="flowStatus != null  and flowStatus != ''">flow_status,</if>
            <if test="remark != null  and remark != ''">remark,</if>
            <if test="string1 != null  and string1 != ''">string1,</if>
            <if test="string2 != null  and string2 != ''">string2,</if>
            <if test="string3 != null  and string3 != ''">string3,</if>
            <if test="string4 != null  and string4 != ''">string4,</if>
            <if test="string5 != null  and string5 != ''">string5,</if>
            <if test="status != null  and status != ''">status,</if>
            <if test="delFlag != null  and delFlag != ''">del_flag,</if>
            <if test="createBy != null  and createBy != ''">create_by,</if>
            <if test="createTime != null ">create_time,</if>
            <if test="updateBy != null  and updateBy != ''">update_by,</if>
            <if test="updateTime != null ">update_time,</if>
         </trim>
        <trim prefix="values (" suffix=")" suffixOverrides=",">
            <if test="bizTable != null  and bizTable != ''">#{bizTable},</if>
            <if test="bizId != null ">#{bizId},</if>
            <if test="examineUserId != null ">#{examineUserId},</if>
            <if test="flowStatus != null  and flowStatus != ''">#{flowStatus},</if>
            <if test="remark != null  and remark != ''">#{remark},</if>
            <if test="string1 != null  and string1 != ''">#{string1},</if>
            <if test="string2 != null  and string2 != ''">#{string2},</if>
            <if test="string3 != null  and string3 != ''">#{string3},</if>
            <if test="string4 != null  and string4 != ''">#{string4},</if>
            <if test="string5 != null  and string5 != ''">#{string5},</if>
            <if test="status != null  and status != ''">#{status},</if>
            <if test="delFlag != null  and delFlag != ''">#{delFlag},</if>
            <if test="createBy != null  and createBy != ''">#{createBy},</if>
            <if test="createTime != null ">#{createTime},</if>
            <if test="updateBy != null  and updateBy != ''">#{updateBy},</if>
            <if test="updateTime != null ">#{updateTime},</if>
         </trim>
    </insert>

    <update id="updateBizFlow" parameterType="BizFlow">
        update biz_flow
        <trim prefix="SET" suffixOverrides=",">
            <if test="bizTable != null  and bizTable != ''">biz_table = #{bizTable},</if>
            <if test="bizId != null ">biz_id = #{bizId},</if>
            <if test="examineUserId != null ">examine_user_id = #{examineUserId},</if>
            <if test="flowStatus != null  and flowStatus != ''">flow_status = #{flowStatus},</if>
            <if test="remark != null  and remark != ''">remark = #{remark},</if>
            <if test="string1 != null  and string1 != ''">string1 = #{string1},</if>
            <if test="string2 != null  and string2 != ''">string2 = #{string2},</if>
            <if test="string3 != null  and string3 != ''">string3 = #{string3},</if>
            <if test="string4 != null  and string4 != ''">string4 = #{string4},</if>
            <if test="string5 != null  and string5 != ''">string5 = #{string5},</if>
            <if test="status != null  and status != ''">status = #{status},</if>
            <if test="delFlag != null  and delFlag != ''">del_flag = #{delFlag},</if>
            <if test="createBy != null  and createBy != ''">create_by = #{createBy},</if>
            <if test="createTime != null ">create_time = #{createTime},</if>
            <if test="updateBy != null  and updateBy != ''">update_by = #{updateBy},</if>
            <if test="updateTime != null ">update_time = #{updateTime},</if>
        </trim>
        where flow_id = #{flowId}
    </update>

    <delete id="deleteBizFlowById" parameterType="Long">
        delete from biz_flow where flow_id = #{flowId}
    </delete>

    <delete id="deleteBizFlowByIds" parameterType="String">
        delete from biz_flow where flow_id in 
        <foreach item="flowId" collection="array" open="(" separator="," close=")">
            #{flowId}
        </foreach>
    </delete>

    <delete id="deleteBizFlowByBizId" parameterType="Long">
        delete from biz_flow where biz_id = #{bizId}
    </delete>
    
</mapper>