<?xml version="1.0" encoding="UTF-8" ?>
<!DOCTYPE mapper
        PUBLIC "-//mybatis.org//DTD Mapper 3.0//EN"
        "http://mybatis.org/dtd/mybatis-3-mapper.dtd">
<mapper namespace="com.ruoyi.fmis.finance.mapper.BizFinanceMapper">

    <select id="selectReceivableList" resultType="com.ruoyi.fmis.finance.domain.vo.ReceivableRespVo">
        select
        distinct q.data_id saleContractId,
        q.string1 saleContractNo,
        q.status saleContractStatus,
        q.datetime1 signTime,
        q.string5 invoiceType ,
        q.string6 deliveryTime,
        q.string18 payType,
        q.price1 saleContractAmount,
        q.string8 payMethod,
        ct.name as customerName,
        q.string3 as supplierName,
        dt1.dept_name as deptName,
        u.user_name as createByName,
        -- 销售总量
        ifnull(bpc.saleQty,0) saleQty,
        -- 已付款项
        ifnull(bbc.paidAmount,0) paidAmount,
        -- 已开发票
        ifnull(invoice.invoicedAmount,0) invoicedAmount,
        -- 已发货数
        ifnull(bpc1.deliveryQty,0) deliveryQty,
        -- 已发货金额
        round(ifnull(bpc2.deliveryAmount,0),2) deliveryAmount
        from biz_process_data q
        left join sys_user u on q.create_by=u.user_id
        left join sys_dept dt on u.dept_id=dt.dept_id
        left join biz_data_status ds on ds.string3=q.data_id
        left join biz_customer ct on ct.customer_id=q.string2
        left join sys_dept dt1 on q.string22=dt1.dept_id
        left join (select data_id,sum(string3) saleQty from biz_process_child group by data_id) bpc ON bpc.data_id =
        q.data_id

        -- 待发货类型为产品的（string2=1）
        left join (select a.string5,sum(a.string13*a.price1) deliveryAmount from biz_process_child a left join
        biz_process_data
        b on a.data_id=b.data_id where b.biz_id='newdelivery' and b.normal_flag=b.flow_status and a.string19=1 and a.string2='1' group by
        a.string5) bpc2 ON
        bpc2.string5 = q.string1
        left join (select a.string5,sum(a.string13) deliveryQty from biz_process_child a left join biz_process_data
        b on a.data_id=b.data_id where b.biz_id='newdelivery' and b.normal_flag=b.flow_status and a.string19=1 and a.string2='1' group by
        a.string5) bpc1 ON
        bpc1.string5 = q.string1
        left join (select data_id,sum(amount) as paidAmount from biz_bill_contract group by data_id) bbc on
        bbc.data_id=q.data_id
        left join (select a.string1,sum(a.price1) as invoicedAmount from biz_process_child a left join biz_process_data
        b on a.data_id=b.data_id where b.biz_id='invoice' and a.string7=2 group by a.string1) invoice on
        invoice.string1=q.data_id
        <include refid="ReceivableWhere"></include>
        order by q.create_time desc
    </select>

    <sql id="ReceivableWhere">
        <where>
            q.biz_id='contract'
            <if test="saleContractNo != null and saleContractNo != ''">
                and q.string1 like concat('%', #{saleContractNo}, '%')
            </if>
            <if test="customerId != null and customerId != ''">
                and q.string2 = #{customerId}
            </if>
            <if test="customerName != null and customerName != ''">
                and ct.name like concat('%', #{customerName}, '%')
            </if>
            <if test="signTime != null and signTime != ''">
                and q.datetime1 like concat('%', #{signTime}, '%')
            </if>
            <if test="deliveryTime != null and deliveryTime != ''">
                and q.string6 like concat('%', #{deliveryTime}, '%')
            </if>
            <if test="deptName != null and deptName != ''">
                and dt1.dept_name like concat('%', #{deptName}, '%')
            </if>
            <if test="createByName != null and createByName != ''">
                and u.user_name like concat('%', #{createByName}, '%')
            </if>
            <if test="supplierName != null and supplierName != ''">
                and q.string3 = #{supplierName}
            </if>
            ${params.dataScope}
        </where>
    </sql>


    <select id="selectStandAccountList" resultType="com.ruoyi.fmis.finance.domain.vo.StandAccountRespVo">
        select
        distinct q.data_id purchaseContractId,
        q.string1 chargeCompany,
        q.string12 purchaseContractNo,
        q.string2 deptName,
        q.datetime2 deliveryDate,
        q.datetime3 outDate,
        q.price1 as contractAmount,
        q.status as purchaseStatus,
        q.string20 as payWay,
        s.name supplierName,
        -- 到货数量
        ifnull(stn.arrivalQty,0) arrivalQty,
        -- 到货货款
        ifnull(stnprice.arrivalAmount,0) arrivalAmount,
        -- 已付货款
        ifnull(p.paidAmount,0) paidAmount
        from biz_process_data q
        left join biz_suppliers s on s.suppliers_id=q.string6
        left join (select contract_id,sum(apply_amount) as paidAmount from biz_pay_plan where status=1 group by
        contract_id) p on p.contract_id=q.data_id
        left join (select string4,sum(string1) as arrivalQty from biz_data_stestn group by string4) stn on
        stn.string4=q.data_id
        left join (select a.string4,sum(a.string1*b.procurement_price) arrivalAmount from biz_data_stestn a left join
        biz_product b on a.string3=b.product_id group by a.string4) stnprice on stnprice.string4=q.data_id
        left join sys_user u on q.create_by=u.user_id
        left join sys_dept dt on u.dept_id=dt.dept_id

        <include refid="standAccountWhere"></include>
        order by q.create_time desc
    </select>
    <select id="selectStandAccountSummaryList"
            resultType="com.ruoyi.fmis.finance.domain.vo.StandAccountSummaryRespVo">
        select total.needCompany,
        total.supplierName,
        -- 累计欠款额
        ifnull(sum(total.contractAmount),0) - ifnull(sum(total.paidAmount),0) totalArrearsAmount,
        -- 累计订货额
        ifnull(sum(total.contractAmount),0) totalContractAmount,
        -- 累计入账额
        ifnull(sum(total.arrivalAmount),0) totalAccountAmount,
        -- 已付货款
        ifnull(sum(total.paidAmount),0) paidAmount,
        -- 计划付款额
        ifnull(sum(total.planPayAmount),0) planPayAmount
        from (select * from(select
        q.string1 needCompany,
        q.price1 as contractAmount,
        s.name supplierName,
        -- 到货入账额
        ifnull(stnprice.arrivalAmount,0) arrivalAmount,
        -- 已付货款
        ifnull(p.paidAmount,0) paidAmount,
        ifnull(p1.planPayAmount,0) planPayAmount
        from biz_pay_plan bpp
        left join biz_process_data q on q.data_id=bpp.contract_id
        left join biz_suppliers s on s.suppliers_id=q.string6
        left join (select contract_id,sum(apply_amount) as paidAmount from biz_pay_plan where status=1 group by
        contract_id) p on p.contract_id=q.data_id
        left join (select contract_id,sum(apply_amount) as planPayAmount from biz_pay_plan where status=0 group by
        contract_id) p1 on p1.contract_id=q.data_id
        left join (select a.string4,sum(a.string1*b.procurement_price) arrivalAmount from biz_data_stestn a left join
        biz_product b on a.string3=b.product_id group by a.string4) stnprice on stnprice.string4=q.data_id
        <where>
            <if test="supplierName!=null and supplierName!=''">
                and s.name like concat('%', #{supplierName}, '%')
            </if>
            <if test="needCompany!=null and needCompany!=''">
                and q.string1 like concat('%', #{needCompany}, '%')
            </if>
        </where>
        ) a
        -- 已经付完款的合同不统计
        where a.contractAmount > a.paidAmount ) total

        group by total.needCompany,total.supplierName
    </select>

    <sql id="standAccountWhere">
        <where>
            q.biz_id='procurement'
            <if test="purchaseContractNo != null and purchaseContractNo != ''">
                and q.string12 like concat('%', #{purchaseContractNo}, '%')
            </if>
            <if test="chargeCompany != null and chargeCompany != ''">
                and q.string1 like concat('%', #{chargeCompany}, '%')
            </if>
            <if test="deptName != null and deptName != ''">
                and q.string2 like concat('%', #{deptName}, '%')
            </if>
            <if test="supplierName != null and supplierName != ''">
                and s.name like concat('%', #{supplierName}, '%')
            </if>
            ${params.dataScope}
        </where>
    </sql>


    <select id="selectProcurementSummary" resultType="com.ruoyi.fmis.finance.domain.vo.ProcurementSummaryRespVo">
        select
        c.supplierName,
        c.supplierId,
        c.contractAmount,
        c.entryAmount,
        c.paidAmount,
        c.invoicedAmount,
        -- 入账欠款(入账额-已付款)
        round(c.entryAmount - c.paidAmount,2) entryOweAmount,
        -- 回票欠款(回票额-已付款）
        round(0 - c.paidAmount,2) needInvoiceAmount,
        -- 入账欠票（入账额-已开票）
        round(c.entryAmount - c.invoicedAmount,2) entryOweInvoiceAmount
        from (
        select
        s.name supplierName,
        q.string6 supplierId,
        -- 合同额
        ifnull(sum(q.price1),0) contractAmount,
        -- 入账额
        ifnull(sum(stnprice.arrivalAmount),0) entryAmount,
        -- 已付货款
        ifnull(sum(p.paidAmount),0) paidAmount,
        -- 已开发票
        ifnull(sum(invoice.invoicedAmount),0) invoicedAmount
        from biz_process_data q
        left join biz_suppliers s on s.suppliers_id=q.string6
        left join (select a.string4,sum(a.string1*b.procurement_price) arrivalAmount from biz_data_stestn a left join
        biz_product b on a.string3=b.product_id group by a.string4) stnprice on stnprice.string4=q.data_id
        left join (select contract_id,sum(apply_amount) as paidAmount from biz_pay_plan where status=1 group by
        contract_id) p on p.contract_id=q.data_id
        left join (select a.string1,sum(a.price1) as invoicedAmount from biz_process_child a left join biz_process_data
        b on a.data_id=b.data_id where b.biz_id='invoice' and a.string7=2 group by a.string1) invoice on
        invoice.string1=q.data_id
        where q.biz_id='procurement' and q.string6!="" and q.normal_flag=q.flow_status
        <if test="supplierName != null and supplierName != ''">
            AND s.name like concat('%',#{supplierName},'%')
        </if>
        <if test="startTime != null and startTime != ''"><!-- 开始时间检索 -->
            AND date_format(q.create_time,'%y%m%d') &gt;= date_format(#{startTime},'%y%m%d')
        </if>
        <if test="endTime != null and endTime != ''"><!-- 结束时间检索 -->
            AND date_format(q.create_time,'%y%m%d') &lt;= date_format(#{endTime},'%y%m%d')
        </if>
        group by q.string6
        order by q.create_time desc
        ) c
    </select>

    <select id="selectSaleContractSummary" resultType="com.ruoyi.fmis.finance.domain.vo.SaleSummaryRespVo">
        select
        c.customerName,
        c.customerId,
        c.contractAmount,
        c.collectedAmount,
        c.deliveryAmount,
        round(c.deliveryAmount - c.collectedAmount,2) deliveryNeedCollectAmount,
        round(c.invoicedAmount - c.collectedAmount,2) invoiceNeedCollectAmount,
        round(c.deliveryAmount - c.invoicedAmount,2) needInvoiceAmount,
        c.invoicedAmount
        from (
        select
        ct.name as customerName,
        q.string2 as customerId,
        -- 合同额
        ifnull(sum(q.price1),0) contractAmount,
        -- 发货金额（发货数量*销售单价）
        ifnull(sum(bpc1.deliveryAmount),0) deliveryAmount,
        -- 已收款
        ifnull(sum(bbc.paidAmount),0) collectedAmount,
        -- 已开发票
        ifnull(sum(invoice.invoicedAmount),0) invoicedAmount
        from biz_process_data q
        left join biz_customer ct on ct.customer_id=q.string2
        -- 发货申请流程走完，且已经出库（string19=1）
        left join (select a.string5,sum(a.string13*a.price1) deliveryAmount from biz_process_child a left join
        biz_process_data
        b on a.data_id=b.data_id where b.biz_id='newdelivery' and b.normal_flag=b.flow_status and a.string19=1 group by
        a.string5) bpc1 ON
        bpc1.string5 = q.string1
        left join (select data_id,sum(amount) as paidAmount from biz_bill_contract group by data_id) bbc on
        bbc.data_id=q.data_id
        left join (select a.string1,sum(a.price1) as invoicedAmount from biz_process_child a left join biz_process_data
        b on a.data_id=b.data_id where b.biz_id='invoice' and a.string7=2 group by a.string1) invoice on
        invoice.string1=q.data_id
        where q.biz_id='contract'
        <if test="customerName != null and customerName != ''">
            AND ct.name like concat('%',#{customerName},'%')
        </if>
        <if test="startTime != null and startTime != ''"><!-- 开始时间检索 -->
            AND date_format(q.create_time,'%y%m%d') &gt;= date_format(#{startTime},'%y%m%d')
        </if>
        <if test="endTime != null and endTime != ''"><!-- 结束时间检索 -->
            AND date_format(q.create_time,'%y%m%d') &lt;= date_format(#{endTime},'%y%m%d')
        </if>
        group by q.string2
        order by q.create_time desc
        ) c
    </select>


</mapper>