<?xml version="1.0" encoding="UTF-8" ?>
<!DOCTYPE mapper
PUBLIC "-//mybatis.org//DTD Mapper 3.0//EN"
"http://mybatis.org/dtd/mybatis-3-mapper.dtd">
<mapper namespace="com.ruoyi.fmis.invoice.mapper.BizInvoiceMapper">

    <resultMap type="com.ruoyi.fmis.invoice.bean.BizInvoice" id="BizInvoiceResult">
        <result property="id"    column="id"    />
        <result property="serialNo"    column="serial_no"    />
        <result property="invoiceCode"    column="invoice_code"    />
        <result property="invoiceNo"    column="invoice_no"    />
        <result property="billDate"    column="bill_date"    />
        <result property="authDate"    column="auth_date"    />
        <result property="taxpayerIdNo"    column="taxpayer_id_no"    />
        <result property="supplierName"    column="supplier_name"    />
        <result property="amount"    column="amount"    />
        <result property="taxRate"    column="tax_rate"    />
        <result property="taxAmount"    column="tax_amount"    />
        <result property="contractNo"    column="contract_no"    />
        <result property="invoiceType"    column="invoice_type"    />
        <result property="status"    column="status"    />
        <result property="remark"    column="remark"    />
        <result property="delFlag"    column="del_flag"    />
        <result property="createBy"    column="create_by"    />
        <result property="createTime"    column="create_time"    />
        <result property="updateBy"    column="update_by"    />
        <result property="updateTime"    column="update_time"    />
    </resultMap>

    <sql id="selectBizInvoiceVo">
        select id, serial_no, invoice_code, invoice_no, bill_date, auth_date, taxpayer_id_no, supplier_name, amount, tax_rate, tax_amount, contract_no, invoice_type, status, remark, del_flag, create_by, create_time, update_by, update_time from biz_invoice
    </sql>

    <select id="selectBizInvoiceList" parameterType="com.ruoyi.fmis.invoice.bean.BizInvoice" resultMap="BizInvoiceResult">
        <include refid="selectBizInvoiceVo"/>
        <where>
            <if test="serialNo != null  and serialNo != ''"> and serial_no = #{serialNo}</if>
            <if test="invoiceCode != null  and invoiceCode != ''"> and invoice_code = #{invoiceCode}</if>
            <if test="invoiceNo != null  and invoiceNo != ''"> and invoice_no = #{invoiceNo}</if>
            <if test="billDate != null "> and bill_date = #{billDate}</if>
            <if test="authDate != null "> and auth_date = #{authDate}</if>
            <if test="taxpayerIdNo != null  and taxpayerIdNo != ''"> and taxpayer_id_no = #{taxpayerIdNo}</if>
            <if test="supplierName != null  and supplierName != ''"> and supplier_name like concat('%', #{supplierName}, '%')</if>
            <if test="amount != null "> and amount = #{amount}</if>
            <if test="taxRate != null  and taxRate != ''"> and tax_rate = #{taxRate}</if>
            <if test="taxAmount != null "> and tax_amount = #{taxAmount}</if>
            <if test="contractNo != null  and contractNo != ''"> and contract_no = #{contractNo}</if>
            <if test="invoiceType != null  and invoiceType != ''"> and invoice_type = #{invoiceType}</if>
            <if test="status != null  and status != ''"> and status = #{status}</if>
        </where>
    </select>

    <select id="selectBizInvoiceById" parameterType="Long" resultMap="BizInvoiceResult">
        <include refid="selectBizInvoiceVo"/>
        where id = #{id}
    </select>

    <insert id="insertBizInvoice" parameterType="com.ruoyi.fmis.invoice.bean.BizInvoice" useGeneratedKeys="true" keyProperty="id">
        insert into biz_invoice
        <trim prefix="(" suffix=")" suffixOverrides=",">
            <if test="serialNo != null  and serialNo != ''">serial_no,</if>
            <if test="invoiceCode != null  and invoiceCode != ''">invoice_code,</if>
            <if test="invoiceNo != null  and invoiceNo != ''">invoice_no,</if>
            <if test="billDate != null ">bill_date,</if>
            <if test="authDate != null ">auth_date,</if>
            <if test="taxpayerIdNo != null  and taxpayerIdNo != ''">taxpayer_id_no,</if>
            <if test="supplierName != null  and supplierName != ''">supplier_name,</if>
            <if test="amount != null ">amount,</if>
            <if test="taxRate != null  and taxRate != ''">tax_rate,</if>
            <if test="taxAmount != null ">tax_amount,</if>
            <if test="contractNo != null  and contractNo != ''">contract_no,</if>
            <if test="invoiceType != null  and invoiceType != ''">invoice_type,</if>
            <if test="status != null  and status != ''">status,</if>
            <if test="remark != null  and remark != ''">remark,</if>
            <if test="delFlag != null  and delFlag != ''">del_flag,</if>
            <if test="createBy != null  and createBy != ''">create_by,</if>
            <if test="createTime != null ">create_time,</if>
            <if test="updateBy != null  and updateBy != ''">update_by,</if>
            <if test="updateTime != null ">update_time,</if>
        </trim>
        <trim prefix="values (" suffix=")" suffixOverrides=",">
            <if test="serialNo != null  and serialNo != ''">#{serialNo},</if>
            <if test="invoiceCode != null  and invoiceCode != ''">#{invoiceCode},</if>
            <if test="invoiceNo != null  and invoiceNo != ''">#{invoiceNo},</if>
            <if test="billDate != null ">#{billDate},</if>
            <if test="authDate != null ">#{authDate},</if>
            <if test="taxpayerIdNo != null  and taxpayerIdNo != ''">#{taxpayerIdNo},</if>
            <if test="supplierName != null  and supplierName != ''">#{supplierName},</if>
            <if test="amount != null ">#{amount},</if>
            <if test="taxRate != null  and taxRate != ''">#{taxRate},</if>
            <if test="taxAmount != null ">#{taxAmount},</if>
            <if test="contractNo != null  and contractNo != ''">#{contractNo},</if>
            <if test="invoiceType != null  and invoiceType != ''">#{invoiceType},</if>
            <if test="status != null  and status != ''">#{status},</if>
            <if test="remark != null  and remark != ''">#{remark},</if>
            <if test="delFlag != null  and delFlag != ''">#{delFlag},</if>
            <if test="createBy != null  and createBy != ''">#{createBy},</if>
            <if test="createTime != null ">#{createTime},</if>
            <if test="updateBy != null  and updateBy != ''">#{updateBy},</if>
            <if test="updateTime != null ">#{updateTime},</if>
        </trim>
    </insert>

    <update id="updateBizInvoice" parameterType="com.ruoyi.fmis.invoice.bean.BizInvoice">
        update biz_invoice
        <trim prefix="SET" suffixOverrides=",">
            <if test="serialNo != null  and serialNo != ''">serial_no = #{serialNo},</if>
            <if test="invoiceCode != null  and invoiceCode != ''">invoice_code = #{invoiceCode},</if>
            <if test="invoiceNo != null  and invoiceNo != ''">invoice_no = #{invoiceNo},</if>
            <if test="billDate != null ">bill_date = #{billDate},</if>
            <if test="authDate != null ">auth_date = #{authDate},</if>
            <if test="taxpayerIdNo != null  and taxpayerIdNo != ''">taxpayer_id_no = #{taxpayerIdNo},</if>
            <if test="supplierName != null  and supplierName != ''">supplier_name = #{supplierName},</if>
            <if test="amount != null ">amount = #{amount},</if>
            <if test="taxRate != null  and taxRate != ''">tax_rate = #{taxRate},</if>
            <if test="taxAmount != null ">tax_amount = #{taxAmount},</if>
            <if test="contractNo != null  and contractNo != ''">contract_no = #{contractNo},</if>
            <if test="invoiceType != null  and invoiceType != ''">invoice_type = #{invoiceType},</if>
            <if test="status != null  and status != ''">status = #{status},</if>
            <if test="remark != null  and remark != ''">remark = #{remark},</if>
            <if test="delFlag != null  and delFlag != ''">del_flag = #{delFlag},</if>
            <if test="createBy != null  and createBy != ''">create_by = #{createBy},</if>
            <if test="createTime != null ">create_time = #{createTime},</if>
            <if test="updateBy != null  and updateBy != ''">update_by = #{updateBy},</if>
            <if test="updateTime != null ">update_time = #{updateTime},</if>
        </trim>
        where id = #{id}
    </update>

    <delete id="deleteBizInvoiceById" parameterType="Long">
        delete from biz_invoice where id = #{id}
    </delete>

    <delete id="deleteBizInvoiceByIds" parameterType="String">
        delete from biz_invoice where id in
        <foreach item="id" collection="array" open="(" separator="," close=")">
            #{id}
        </foreach>
    </delete>

</mapper>