<?xml version="1.0" encoding="UTF-8" ?>
<!DOCTYPE mapper
        PUBLIC "-//mybatis.org//DTD Mapper 3.0//EN"
        "http://mybatis.org/dtd/mybatis-3-mapper.dtd">
<mapper namespace="com.ruoyi.fmis.data.mapper.BizProcessDataMapper">

    <resultMap type="BizProcessData" id="BizProcessDataResult">
        <result property="dataId"    column="data_id"    />
        <result property="bizDataId"    column="biz_data_id"    />
        <result property="bizId"    column="biz_id"    />
        <result property="normalFlag"    column="normal_flag"    />
        <result property="flowStatus"    column="flow_status"    />
        <result property="remark"    column="remark"    />
        <result property="price1"    column="price1"    />
        <result property="price2"    column="price2"    />
        <result property="price3"    column="price3"    />
        <result property="price4"    column="price4"    />
        <result property="price5"    column="price5"    />
        <result property="price6"    column="price6"    />
        <result property="price7"    column="price7"    />
        <result property="price8"    column="price8"    />
        <result property="price9"    column="price9"    />
        <result property="price10"    column="price10"    />



        <result property="price11"    column="price11"    />
        <result property="price12"    column="price12"    />
        <result property="price13"    column="price13"    />
        <result property="price14"    column="price14"    />
        <result property="price15"    column="price15"    />
        <result property="price16"    column="price16"    />
        <result property="price17"    column="price17"    />
        <result property="price18"    column="price18"    />
        <result property="price19"    column="price19"    />
        <result property="price20"    column="price20"    />

        <result property="string1"    column="string1"    />
        <result property="string2"    column="string2"    />
        <result property="string3"    column="string3"    />
        <result property="string4"    column="string4"    />
        <result property="string5"    column="string5"    />
        <result property="string6"    column="string6"    />
        <result property="string7"    column="string7"    />
        <result property="string8"    column="string8"    />
        <result property="string9"    column="string9"    />
        <result property="string10"    column="string10"    />
        <result property="string11"    column="string11"    />
        <result property="string12"    column="string12"    />
        <result property="string13"    column="string13"    />
        <result property="string14"    column="string14"    />
        <result property="string15"    column="string15"    />
        <result property="string16"    column="string16"    />
        <result property="string17"    column="string17"    />
        <result property="string18"    column="string18"    />
        <result property="string19"    column="string19"    />
        <result property="string20"    column="string20"    />

        <result property="string21"    column="string21"    />
        <result property="string22"    column="string22"    />
        <result property="string23"    column="string23"    />
        <result property="string24"    column="string24"    />
        <result property="string25"    column="string25"    />
        <result property="string26"    column="string26"    />
        <result property="string27"    column="string27"    />
        <result property="string28"    column="string28"    />
        <result property="string29"    column="string29"    />
        <result property="string30"    column="string30"    />


        <result property="datetime1"    column="datetime1"    />
        <result property="datetime2"    column="datetime2"    />
        <result property="datetime3"    column="datetime3"    />
        <result property="datetime4"    column="datetime4"    />
        <result property="datetime5"    column="datetime5"    />
        <result property="status"    column="status"    />
        <result property="delFlag"    column="del_flag"    />
        <result property="createBy"    column="create_by"    />
        <result property="createTime"    column="create_time"    />
        <result property="updateBy"    column="update_by"    />
        <result property="updateTime"    column="update_time"    />
        <result property="exceptPayTime"    column="except_pay_time"    />
        <result property="purchaseSpecificRequests"    column="purchase_specific_requests"    />
        <result property="paymentType"    column="payment_type"    />
        <result property="balanceAmount"    column="balance_amount"    />
        <result property="balanceBorrowNo"    column="balance_borrow_no"    />
    </resultMap>

    <select id="selectBizProcessDataByFlowStatus" resultMap="BizProcessDataResult">
        select * from biz_process_data d
        left join sys_user u on d.create_by=u.user_id
        left join sys_dept dt on u.dept_id=dt.dept_id
        where
        flow_status != normal_flag
        <if test="bizId != null and bizId != '' and bizId !='-1'">
            and biz_id = #{bizId}
            and flow_status in (
            <foreach collection="flows" separator="," item="item">
                #{item}
            </foreach>
            )
         </if>
        <if test="bizId != null and bizId != '' and bizId =='-1'">
            and
            <foreach collection="flowConfig.keys" item="key" separator=" or " open="(" close=")">
                <if test="flowConfig[key].size > 0">
                     (biz_id = #{key}
                    and
                    flow_status in (
                    <foreach collection="flowConfig[key]" separator="," item="item">
                        #{item}
                    </foreach>
                    ))
                </if>
            </foreach>
        </if>

        ${params.dataScope}
    </select>

    <sql id="selectBizProcessDataVo">
        select q.data_id, q.biz_data_id, q.biz_id, q.normal_flag, q.flow_status, q.remark, q.price1, q.price2, q.price3, q.price4, q.price5, q.price6, q.price7,
        q.price8, q.price9, q.price10, q.string1, q.string2, q.string3, q.string4, q.string5, q.string6, q.string7, q.string8, q.string9, q.string10, q.string11,
        q.string12, q.string13, q.string14, q.string15, q.string16, q.string17, q.string18, q.string19, q.string20,
        q.string21,q.string22,q.string23,q.string24,q.string25,q.string26,q.string27,q.string28,q.string29,q.string30,
        q.price11, q.price12, q.price13, q.price14, q.price15, q.price16, q.price17, q.price18, q.price19, q.price20,
        q.datetime1, q.datetime2, q.datetime3, q.datetime4, q.datetime5, q.status, q.del_flag, q.create_by, q.create_time, q.update_by, q.update_time,q.remark,
        q.except_pay_time,q.purchase_specific_requests,q.payment_type,q.balance_amount,q.balance_borrow_no,
        dt1.dept_name as deptName
        from biz_process_data q
        left join sys_dept dt1 on q.string22=dt1.dept_id
    </sql>

    <select id="selectBizProcessDataList" parameterType="BizProcessData" resultMap="BizProcessDataResult">
        <include refid="selectBizProcessDataVo"/>
        <where>
            <if test="bizDataId != null "> and biz_data_id = #{bizDataId}</if>
            <if test="bizId != null  and bizId != ''"> and biz_id = #{bizId}</if>
            <if test="normalFlag != null  and normalFlag != ''"> and normal_flag = #{normalFlag}</if>
            <if test="flowStatus != null  and flowStatus != ''"> and flow_status = #{flowStatus}</if>
            <if test="price1 != null "> and price1 = #{price1}</if>
            <if test="price2 != null "> and price2 = #{price2}</if>
            <if test="price3 != null "> and price3 = #{price3}</if>
            <if test="price4 != null "> and price4 = #{price4}</if>
            <if test="price5 != null "> and price5 = #{price5}</if>
            <if test="price6 != null "> and price6 = #{price6}</if>
            <if test="price7 != null "> and price7 = #{price7}</if>
            <if test="price8 != null "> and price8 = #{price8}</if>
            <if test="price9 != null "> and price9 = #{price9}</if>
            <if test="price10 != null "> and price10 = #{price10}</if>
            <if test="string1 != null  and string1 != ''"> and string1 = #{string1}</if>
            <if test="string2 != null  and string2 != ''"> and string2 = #{string2}</if>
            <if test="string3 != null  and string3 != ''"> and string3 like concat('%', #{string3}, '%')</if>
            <if test="string4 != null  and string4 != ''"> and string4 = #{string4}</if>
            <if test="string5 != null  and string5 != ''"> and string5 = #{string5}</if>
            <if test="string6 != null  and string6 != ''"> and string6 = #{string6}</if>
            <if test="string7 != null  and string7 != ''"> and string7 = #{string7}</if>
            <if test="string8 != null  and string8 != ''"> and string8 = #{string8}</if>
            <if test="string9 != null  and string9 != ''"> and string9 = #{string9}</if>
            <if test="string10 != null  and string10 != ''"> and string10 = #{string10}</if>
            <if test="string11 != null  and string11 != ''"> and string11 = #{string11}</if>
            <if test="string12 != null  and string12 != ''"> and string12 = #{string12}</if>
            <if test="string13 != null  and string13 != ''"> and string13 = #{string13}</if>
            <if test="string14 != null  and string14 != ''"> and string14 = #{string14}</if>
            <if test="string15 != null  and string15 != ''"> and string15 = #{string15}</if>
            <if test="string16 != null  and string16 != ''"> and string16 = #{string16}</if>
            <if test="string17 != null  and string17 != ''"> and string17 = #{string17}</if>
            <if test="string18 != null  and string18 != ''"> and string18 = #{string18}</if>
            <if test="string19 != null  and string19 != ''"> and string19 = #{string19}</if>
            <if test="string20 != null  and string20 != ''"> and string20 = #{string20}</if>
            <if test="datetime1 != null "> and datetime1 = #{datetime1}</if>
            <if test="datetime2 != null "> and datetime2 = #{datetime2}</if>
            <if test="datetime3 != null "> and datetime3 = #{datetime3}</if>
            <if test="datetime4 != null "> and datetime4 = #{datetime4}</if>
            <if test="datetime5 != null "> and datetime5 = #{datetime5}</if>
            <if test="status != null  and status != ''"> and status = #{status}</if>
            <if test="createBy != null  and createBy != ''"> and q.create_by = #{createBy}</if>
        </where>
    </select>

    <sql id="selectBizProcessDataVoCg">
        select q.data_id, q.biz_data_id, q.biz_id, q.normal_flag, q.flow_status, q.remark, q.price1, q.price2, q.price3, q.price4, q.price5, q.price6, q.price7,
        q.price8, q.price9, q.price10, q.string1, q.string2, q.string3, q.string4, q.string5, q.string6, q.string7, q.string8, q.string9, q.string10, q.string11,
        q.string12, q.string13, q.string14, q.string15, q.string16, q.string17, q.string18, q.string19, q.string20,
        q.string21,q.string22,q.string23,q.string24,q.string25,q.string26,q.string27,q.string28,q.string29,q.string30,
        q.price11, q.price12, q.price13, q.price14, q.price15, q.price16, q.price17, q.price18, q.price19, q.price20,
        q.datetime1, q.datetime2, q.datetime3, q.datetime4, q.datetime5, q.status, q.del_flag, q.create_by, q.create_time, q.update_by, q.update_time,
        q.except_pay_time,q.purchase_specific_requests, dt1.dept_name as deptName,q.payment_type,q.balance_amount,q.balance_borrow_no
        from biz_process_data q
        left join sys_dept dt1 on q.string22=dt1.dept_id left join biz_data_status ds on q.data_id = ds.string4  left join biz_process_child pc on q.data_id = pc.data_id
        join `biz_data_status` bs on pc.child_id = bs.`child_id`
    </sql>

    <select id="selectBizProcessDataListCg" parameterType="BizProcessData" resultMap="BizProcessDataResult">
        <include refid="selectBizProcessDataVoCg"/>
        <where>
            <if test="bizDataId != null "> and biz_data_id = #{bizDataId}</if>
            <if test="bizId != null  and bizId != ''"> and biz_id = #{bizId}</if>
            <if test="normalFlag != null  and normalFlag != ''"> and normal_flag = #{normalFlag}</if>
            <if test="flowStatus != null  and flowStatus != ''"> and flow_status = #{flowStatus}</if>
            <if test="price1 != null "> and price1 = #{price1}</if>
            <if test="price2 != null "> and price2 = #{price2}</if>
            <if test="price3 != null "> and price3 = #{price3}</if>
            <if test="price4 != null "> and price4 = #{price4}</if>
            <if test="price5 != null "> and price5 = #{price5}</if>
            <if test="price6 != null "> and price6 = #{price6}</if>
            <if test="price7 != null "> and price7 = #{price7}</if>
            <if test="price8 != null "> and price8 = #{price8}</if>
            <if test="price9 != null "> and price9 = #{price9}</if>
            <if test="price10 != null "> and price10 = #{price10}</if>
            <if test="string1 != null  and string1 != ''"> and q.string1 = #{string1}</if>
            <if test="string2 != null  and string2 != ''"> and string2 = #{string2}</if>
            <if test="string3 != null  and string3 != ''"> and q.string3 like concat('%', #{string3}, '%')</if>
            <if test="string4 != null  and string4 != ''"> and string4 = #{string4}</if>
            <if test="string5 != null  and string5 != ''"> and string5 = #{string5}</if>
            <if test="string6 != null  and string6 != ''"> and string6 = #{string6}</if>
            <if test="string7 != null  and string7 != ''"> and string7 = #{string7}</if>
            <if test="string8 != null  and string8 != ''"> and string8 = #{string8}</if>
            <if test="string9 != null  and string9 != ''"> and string9 = #{string9}</if>
            <if test="string10 != null  and string10 != ''"> and string10 = #{string10}</if>
            <if test="string11 != null  and string11 != ''"> and string11 = #{string11}</if>
            <if test="string12 != null  and string12 != ''"> and string12 = #{string12}</if>
            <if test="string13 != null  and string13 != ''"> and string13 = #{string13}</if>
            <if test="string14 != null  and string14 != ''"> and string14 = #{string14}</if>
            <if test="string15 != null  and string15 != ''"> and string15 = #{string15}</if>
            <if test="string16 != null  and string16 != ''"> and string16 = #{string16}</if>
            <if test="string17 != null  and string17 != ''"> and string17 = #{string17}</if>
            <if test="string18 != null  and string18 != ''"> and string18 = #{string18}</if>
            <if test="string19 != null  and string19 != ''"> and string19 = #{string19}</if>
            <if test="string20 != null  and string20 != ''"> and string20 = #{string20}</if>
            <if test="datetime1 != null "> and datetime1 = #{datetime1}</if>
            <if test="datetime2 != null "> and datetime2 = #{datetime2}</if>
            <if test="datetime3 != null "> and datetime3 = #{datetime3}</if>
            <if test="datetime4 != null "> and datetime4 = #{datetime4}</if>
            <if test="datetime5 != null "> and datetime5 = #{datetime5}</if>
            <if test="status != null  and status != ''"> and status = #{status}</if>
        </where>
        group  by bs.status_id
    </select>



    <sql id="selectBizProcessDataVoRef">
        select distinct q.data_id, q.biz_data_id, q.biz_id, q.normal_flag, q.flow_status, q.remark, q.price1, q.price2, q.price3,
        q.price4, q.price5, q.price6, q.price7, q.price8, q.price9, q.price10, q.string1, q.string2,
        q.string3, q.string4, q.string5, q.string6, q.string7, q.string8, q.string9, q.string10, q.string11,
        q.string12, q.string13, q.string14, q.string15, q.string16, q.string17, q.string18, q.string19, q.string20,
        q.datetime1, q.datetime2, q.datetime3, q.datetime4, q.datetime5, q.status, q.del_flag, q.create_by,
        q.create_time, q.update_by, q.update_time,ct.name as customerName,bs.name as suppliersName,
        q.string21,q.string22,q.string23,q.string24,q.string25,q.string26,q.string27,q.string28,q.string29,q.string30,
        q.price11, q.price12, q.price13, q.price14, q.price15, q.price16, q.price17, q.price18, q.price19, q.price20,
        dt1.dept_name as deptName,u.user_name as createByName,q.except_pay_time,q.purchase_specific_requests,q.payment_type,q.balance_amount,q.balance_borrow_no
        from biz_process_data q
        left join sys_user u on q.create_by=u.user_id
        left join sys_dept dt on u.dept_id=dt.dept_id

        left join biz_data_status ds on ds.string3=q.data_id

        left join biz_customer ct on ct.customer_id=q.string2
        left join biz_suppliers bs on bs.suppliers_id=q.string3
        left join sys_dept dt1 on q.string22=dt1.dept_id


    </sql>

    <select id="selectBizProcessDataListRef" parameterType="BizProcessData" resultMap="BizProcessDataResult">
        <include refid="selectBizProcessDataVoRef"/>
        <where>
            1=1
            <if test="bizDataId != null "> and biz_data_id = #{bizDataId}</if>
            <if test="string1 != null and string1 != ''"> and q.string1 like concat('%', #{string1}, '%')</if>
            <if test="string2 != null and string2 != ''"> and q.string2=#{string2}</if>
            <if test="customerName != null and customerName != ''"> and ct.name like concat('%', #{customerName}, '%')</if>
            <if test="createByName != null and createByName != ''"> and u.user_name like concat('%', #{createByName}, '%')</if>

            <if test="deptName != null and deptName != ''"> and dt1.dept_name like concat('%', #{deptName}, '%')</if>

            <!-- 如果是详情，只看有数据 -->
            <if test="bizEditFlag == 2">and ds.string4 = #{dataId} </if>
            <!-- 编辑 只看有数据的 -->
            <if test="bizEditFlag == 1">and ds.string4 = #{dataId} </if>

            <!-- 采购状态=未处理 过滤合同 -->


            <if test="billId != null  and billId != ''">and bc.bill_id = #{billId} </if>

            <if test="bizId != null  and bizId != ''"> and biz_id = #{bizId}</if>
            <if test="normalFlag != null  and normalFlag != ''"> and normal_flag = #{normalFlag}</if>
            <if test="flowStatus != null  and flowStatus != ''"> and flow_status = #{flowStatus}</if>
            <if test="price1 != null "> and price1 = #{price1}</if>
            <if test="price2 != null "> and price2 = #{price2}</if>
            <if test="price3 != null "> and price3 = #{price3}</if>
            <if test="price4 != null "> and price4 = #{price4}</if>
            <if test="price5 != null "> and price5 = #{price5}</if>
            <if test="price6 != null "> and price6 = #{price6}</if>
            <if test="price7 != null "> and price7 = #{price7}</if>
            <if test="price8 != null "> and price8 = #{price8}</if>
            <if test="price9 != null "> and price9 = #{price9}</if>
            <if test="price10 != null "> and price10 = #{price10}</if>
            <if test="string3 != null  and string3 != ''"> and q.string3 = #{string3}</if>
            <if test="string4 != null  and string4 != ''"> and string4 = #{string4}</if>
            <if test="string5 != null  and string5 != ''"> and string5 = #{string5}</if>
            <if test="string6 != null  and string6 != ''"> and string6 = #{string6}</if>
            <if test="string7 != null  and string7 != ''"> and string7 = #{string7}</if>
            <if test="string8 != null  and string8 != ''"> and string8 = #{string8}</if>
            <if test="string9 != null  and string9 != ''"> and string9 = #{string9}</if>
            <if test="string10 != null  and string10 != ''"> and string10 = #{string10}</if>
            <if test="string11 != null  and string11 != ''"> and string11 = #{string11}</if>
            <if test="string12 != null  and string12 != ''"> and string12 = #{string12}</if>
            <if test="string13 != null  and string13 != ''"> and q.string13 = #{string13}</if>
            <if test="string14 != null  and string14 != ''"> and string14 = #{string14}</if>
            <if test="string15 != null  and string15 != ''"> and string15 = #{string15}</if>
            <if test="string16 != null  and string16 != ''"> and q.string16 = #{string16} </if>
            <if test="string17 != null  and string17 != ''"> and q.string17 = #{string17}</if>
            <if test="string18 != null  and string18 != ''"> and string18 = #{string18}</if>
            <if test="string19 != null  and string19 != ''"> and string19 = #{string19}</if>
            <if test="string20 != null  and string20 != ''"> and string20 = #{string20}</if>
            <if test="datetime1 != null "> and datetime1 = #{datetime1}</if>
            <if test="datetime2 != null "> and datetime2 = #{datetime2}</if>
            <if test="datetime3 != null "> and datetime3 = #{datetime3}</if>
            <if test="datetime4 != null "> and datetime4 = #{datetime4}</if>
            <if test="datetime5 != null "> and datetime5 = #{datetime5}</if>
            <if test="status != null  and status != ''"> and status = #{status}</if>

            <if test="string23 == 0 ">
                and (q.string23 = '' or q.string23 is null)
            </if>
            <if test="string23 == 1 ">
                and (ifnull(q.string23,'0') != 1)
            </if>
            <if test="string23 == 2 ">
                and (ifnull(q.string23,'0') = 2)
            </if>
            <if test="string23 == 3 ">
                and (ifnull(q.string23,'0') != 2)
            </if>

            <if test="dataStatus == -1 ">
                and (ifnull(q.string23,'0') != 2)
            </if>

            <!-- string2作为角色参数 1=销售 2=销售经理 3=区域经理 4=副总 5=老总-->
            <!--flow_status 0=待上报 1=已上报 2=销售经理同意 -2=不同意 3=区域经理同意 -3=不同意 4=副总同意 -4=不同意 5=老总同意 -5=不同意 -->
            <if test="roleType == 1 ">
                <if test="queryStatus == 1 ">
                    and (q.flow_status in ('0','-2','-3','-4','-5') or q.`create_by` = #{string30})
                </if>
                <if test="queryStatus == 2 ">
                    and (q.flow_status != '0' or q.`create_by` = #{string30})
                </if>
                ${params.dataScope}
            </if>
            <!-- 销售经理 查看已上报的 -->
            <if test="roleType == 2 ">
                <if test="queryStatus == 0 ">
                    and (q.flow_status in ('20','1','2','-2','3','-3','-4','-5','4','5') or q.`create_by` = #{string30})
                </if>
                <if test="queryStatus == 1 ">
                    and (q.flow_status in ('20','1') or q.`create_by` = #{string30})
                </if>
                <if test="queryStatus == 2 ">
                    and (q.flow_status in ('2','-2','3','-3','-4','-5','4','5') or q.`create_by` = #{string30})
                </if>
                ${params.dataScope}
            </if>
            <!-- 区域经理  查看 销售经理同意的  -->
            <if test="roleType == 3 ">
                <if test="queryStatus == 0 ">
                    and (q.flow_status in ('30','1','2','-2','3','-3','4','-4','-5','5') or q.`create_by` = #{string30})
                </if>
                <if test="queryStatus == 1 ">
                    and (q.flow_status in ('30','2') or q.`create_by` = #{string30})
                </if>
                <if test="queryStatus == 2 ">
                    and (q.flow_status in ('3','-3','4','-4','-5','5') or q.`create_by` = #{string30})
                </if>
                ${params.dataScope}
            </if>

            <!-- 副总  查看 区域经理同意的  -->
            <if test="roleType == 4 ">
                <if test="queryStatus == 0 ">
                    and (q.flow_status in ('40','1','2','-2','3','-3','4','-4','-5','5')   or q.`create_by` = #{string30})
                </if>
                <if test="queryStatus == 1 ">
                    and (q.flow_status in ('40','3') or q.`create_by` = #{string30})
                </if>
                <if test="queryStatus == 2 ">
                    and (q.flow_status in ('4','-4','-5','5') or q.`create_by` = #{string30})
                </if>

                ${params.dataScope}
            </if>
            <!-- 总经理  查看 副总同意的  -->
            <if test="roleType == 5 ">
                <if test="queryStatus == 0 ">
                    and (q.flow_status in ('50','1','2','-2','3','-3','4','-4','5','-5')   or q.`create_by` = #{string30})
                </if>
                <if test="queryStatus == 1 ">
                    and (q.flow_status in ('50','4')   or q.`create_by` = #{string30})
                </if>
                <if test="queryStatus == 2 ">
                    and (q.flow_status in ('5','-5')  or q.`create_by` = #{string30})
                </if>

                ${params.dataScope}
            </if>
            <!-- 查询全部 已经完成的 -->
            <if test="roleType == 0 ">
                and q.flow_status=q.normal_flag
            </if>
        </where>

        order by q.create_time desc

    </select>

    <select id="selectBizProcessDataListXs" parameterType="BizProcessData" resultMap="BizProcessDataResult">
        <include refid="selectBizProcessDataVoRef"/>
        <where>
            1=1 and q.flow_status=q.normal_flag
            <if test="contractNo != null  and contractNo != ''"> and string12 = #{contractNo}</if>
            <if test="bizId != null  and bizId != ''"> and biz_id = #{bizId}</if>
            <if test="status != null  and status != ''"> and status = #{status}</if>
            <if test="string13 != null  and string13 != ''"> and q.string13 = #{string13}</if>
            <if test="string1 != null  and string1 !=''"> and
                q.string1 in
                <foreach collection="string1.split(',')" item="item" index="index" open="(" separator="," close=")">
                    #{item}
                </foreach>
            </if>
            <if test="string30 == 0 ">
                and (q.string30 = '' or q.string30 is null or q.string30 = 1)
            </if>
            <if test="string30 == 1 ">
                and q.string30 = #{string30}
            </if>
            <if test="string30 == 2 ">
                and q.string30 = #{string30}
            </if>
            <if test="string30 == 3 ">
                and (ifnull(q.string30,'0') != 2)
            </if>
        </where>

        order by q.create_time desc

    </select>

    <select id="selectBizProcessDataListRefLiu" parameterType="BizProcessData" resultMap="BizProcessDataResult">
        <include refid="selectBizProcessDataVoRef"/>
        <where>
            1=1 and q.flow_status=q.normal_flag

            <if test="bizId != null  and bizId != ''"> and biz_id = #{bizId}</if>
            <if test="status != null  and status != ''"> and status = #{status}</if>
            <if test="customerName != null and customerName != ''"> and ct.name like concat('%', #{customerName}, '%')</if>

            <if test="deptName != null and deptName != ''"> and dt1.dept_name like concat('%', #{deptName}, '%')</if>
            <!--<if test="string13 != null  and string13 != ''"> and q.string13 = #{string13}</if>-->
            <if test="string1 != null  and string1 != ''"> and q.string1 like concat('%', #{string1}, '%')</if>
            <if test="string30 == 0 ">
                and (q.string30 = '' or q.string30 is null or q.string30 = 1)
            </if>
            <if test="string30 == 1 ">
                and q.string30 = #{string30}
            </if>
            <if test="string30 == 2 ">
                and q.string30 = #{string30}
            </if>
            <if test="string30 == 3 ">
                and (ifnull(q.string30,'0') != 2)
            </if>
            <if test="queryStatus == 1 ">
                and q.string13 = 2
            </if>
            <if test="queryStatus == 2 ">
                and q.string13 = 1
            </if>
            <if test="queryStatus == 0 ">
                and (q.string13 = 1 or q.string13 = 2)
            </if>
            ${params.dataScope}
        </where>

        order by q.create_time desc

    </select>

    <!-- 拆解合同分账start -->
    <sql id="selectBizProcessDataVoRefBill">
        select distinct q.data_id, q.biz_data_id, q.biz_id, q.normal_flag, q.flow_status, q.remark, q.price1, q.price2, q.price3,
        q.price4, q.price5, q.price6, q.price7, q.price8, q.price9, q.price10, q.string1, q.string2,
        q.string3, q.string4, q.string5, q.string6, q.string7, q.string8, q.string9, q.string10, q.string11,
        q.string12, q.string13, q.string14, q.string15, q.string16, q.string17, q.string18, q.string19, q.string20,
        q.datetime1, q.datetime2, q.datetime3, q.datetime4, q.datetime5, q.status, q.del_flag, q.create_by,
        q.create_time, q.update_by, q.update_time,ct.name as customerName,bs.name as suppliersName,
        q.string21,q.string22,q.string23,q.string24,q.string25,q.string26,q.string27,q.string28,q.string29,q.string30,
        q.price11, q.price12, q.price13, q.price14, q.price15, q.price16, q.price17, q.price18, q.price19, q.price20,
        q.except_pay_time,q.purchase_specific_requests,q.payment_type,q.balance_amount,q.balance_borrow_no,
        ifnull(sum(bc.amount),0) as billAmount
        from biz_process_data q
        left join sys_user u on q.create_by=u.user_id
        left join sys_dept dt on u.dept_id=dt.dept_id

        left join biz_customer ct on ct.customer_id=q.string2
        left join biz_suppliers bs on bs.suppliers_id=q.string3

        left join biz_bill_contract bc on bc.data_id=q.data_id
    </sql>

    <select id="selectBizProcessDataListRefBill" parameterType="BizProcessData" resultMap="BizProcessDataResult">
        <include refid="selectBizProcessDataVoRefBill"/>
        <where>
            1=1
            <if test="bizDataId != null "> and biz_data_id = #{bizDataId}</if>
            <if test="string1 != null and string1 != ''"> and q.string1 like concat('%', #{string1}, '%')</if>
            <if test="string2 != null and string2 != ''"> and q.string2 = #{string2}</if>
            <if test="customerName != null and customerName != ''"> and ct.name like concat('%', #{customerName}, '%')</if>
            <!-- 如果是详情，只看有数据 -->
            <if test="bizEditFlag == 2">and ds.string4 = #{dataId} </if>

            <if test="billId != null  and billId != ''">and bc.bill_id = #{billId} </if>

            <if test="bizId != null  and bizId != ''"> and q.biz_id = #{bizId}</if>
        </where>
        group by q.data_id
    </select>
    <!--拆解合同分账 end -->



    <sql id="selectBizProcessDataVoRefDelivery">
            select d.data_id, d.biz_data_id, d.biz_id, d.normal_flag, d.flow_status, d.remark, d.price1, d.price2, d.price3,
            d.price4, d.price5, d.price6, d.price7, d.price8, d.price9, d.price10, d.string1, d.string2,
            d.string3, d.string4, d.string5, d.string6, d.string7, d.string8, d.string9, d.string10, d.string11,
            d.string12, d.string13, d.string14, d.string15, d.string16, d.string17, d.string18, d.string19, d.string20,
            d.datetime1, d.datetime2, d.datetime3, d.datetime4, d.datetime5, d.status, d.del_flag, d.create_by,
            d.create_time, d.update_by, d.update_time,u.user_name as createByName,d.except_pay_time,d.purchase_specific_requests,
            d.payment_type,d.balance_amount,d.balance_borrow_no
            from biz_process_data d
            left join sys_user u on d.create_by=u.user_id
            left join sys_dept dt on u.dept_id=dt.dept_id
    </sql>

    <select id="selectBizProcessDataListRefDelivery" parameterType="BizProcessData" resultMap="BizProcessDataResult">
        <include refid="selectBizProcessDataVoRefDelivery"/>
        <where>
            <if test="bizDataId != null "> and d.biz_data_id = #{bizDataId}</if>
            <if test="bizId != null  and bizId != ''"> and d.biz_id = #{bizId}</if>
            <if test="normalFlag != null  and normalFlag != ''"> and d.normal_flag = #{normalFlag}</if>
            <if test="flowStatus != null  and flowStatus != ''"> and d.flow_status = #{flowStatus}</if>


            <if test="string1 != null  and string1 != ''"> and d.string1 like concat('%', #{string1}, '%')</if>
            <if test="string2 != null  and string2 != ''"> and d.string2 like concat('%', #{string2}, '%')</if>
            <if test="createByName != null  and createByName != ''"> and u.user_name like concat('%', #{createByName}, '%')</if>
            <if test="roleType == 1 ">
                <if test="queryStatus == 1 ">
                    and d.flow_status in ('0','-2','-3','-4','-5','-6')
                </if>
                <if test="queryStatus == 2 ">
                    and d.flow_status != '0'
                </if>
                ${params.dataScope}
            </if>
            <if test="roleType == 2 ">
                <if test="queryStatus == 0 ">
                    and d.flow_status in ('20','1','2','-2','3','-3','-4','4','-5','5','-6','6')
                </if>
                <if test="queryStatus == 1 ">
                    and d.flow_status in ('1','20')
                </if>
                <if test="queryStatus == 2 ">
                    and d.flow_status in ('2','-2','3','-3','-4','-5','4','5','6','-6')
                </if>
                ${params.dataScope}
            </if>
            <if test="roleType == 3 ">
                <if test="queryStatus == 0 ">
                    and d.flow_status in ('2','3','-3','4','-4','-5','5','-6','6','30')
                </if>
                <if test="queryStatus == 1 ">
                    and d.flow_status in ('2','30')
                </if>
                <if test="queryStatus == 2 ">
                    and d.flow_status in ('3','-3','4','-4','-5','5','-6','6')
                </if>
                ${params.dataScope}
            </if>

            <if test="roleType == 4 ">
                <if test="queryStatus == 0 ">
                    and d.flow_status in ('3','4','-4','-5','5','-6','6','40')
                </if>
                <if test="queryStatus == 1 ">
                    and d.flow_status in ('3','40')
                </if>
                <if test="queryStatus == 2 ">
                    and d.flow_status in ('4','-4','-5','5','-6','6')
                </if>

                ${params.dataScope}
            </if>


            <!-- 查询全部 已经完成的 -->
            <if test="roleType == 0 ">
                and d.flow_status=d.normal_flag
            </if>

        </where>
        order by d.create_time desc
    </select>

    <sql id="selectBizProcessDataVoRefCPayment">
            select d.data_id, d.biz_data_id, d.biz_id, d.normal_flag, d.flow_status, d.remark, d.price1, d.price2, d.price3,
            d.price4, d.price5, d.price6, d.price7, d.price8, d.price9, d.price10, d.string1, d.string2,
            d.string3, d.string4, d.string5, d.string6, d.string7, d.string8, d.string9, d.string10, d.string11,
            d.string12, d.string13, d.string14, d.string15, d.string16, d.string17, d.string18, d.string19, d.string20,
            d.datetime1, d.datetime2, d.datetime3, d.datetime4, d.datetime5, d.status, d.del_flag, d.create_by,
            d.create_time, d.update_by, d.update_time,u.user_name as createByName,d.except_pay_time,d.purchase_specific_requests,
            d.payment_type,d.balance_amount,d.balance_borrow_no
            from biz_process_data d
            left join sys_user u on d.create_by=u.user_id
            left join sys_dept dt on u.dept_id=dt.dept_id
    </sql>

    <select id="selectBizProcessDataListRefCPayment" parameterType="BizProcessData" resultMap="BizProcessDataResult">
        <include refid="selectBizProcessDataVoRefCPayment"/>
        <where>
            <if test="bizDataId != null "> and d.biz_data_id = #{bizDataId}</if>
            <if test="bizId != null  and bizId != ''"> and d.biz_id = #{bizId}</if>
            <if test="normalFlag != null  and normalFlag != ''"> and d.normal_flag = #{normalFlag}</if>
            <if test="flowStatus != null  and flowStatus != ''"> and d.flow_status = #{flowStatus}</if>


            <if test="string1 != null  and string1 != ''"> and d.string1 like concat('%', #{string1}, '%')</if>
            <if test="string2 != null  and string2 != ''"> and d.string2 like concat('%', #{string2}, '%')</if>
            <if test="createByName != null  and createByName != ''"> and u.user_name like concat('%', #{createByName}, '%')</if>
            <!-- 申请人-采购经理-往来会计-采购总监-总经理 -->
            <if test="roleType == 1 ">
                <if test="queryStatus == 1 ">
                    and d.flow_status in ('0','-1','-2','-3','-4','-5','-6')
                </if>
                <if test="queryStatus == 2 ">
                    and d.flow_status != '0'
                </if>
                ${params.dataScope}
            </if>
            <!-- 采购经理 查看已上报的 -->
            <if test="roleType == 2 ">
                <if test="queryStatus == 0 ">
                    and d.flow_status in ('1','2','-2','3','-3','-4','4','-5','5','-6','6')
                </if>
                <if test="queryStatus == 1 ">
                    and d.flow_status in ('1')
                </if>
                <if test="queryStatus == 2 ">
                    and d.flow_status in ('2','-2','3','-3','-4','-5','4','5','6','-6')
                </if>
                ${params.dataScope}
            </if>
            <!-- 往来会计  查看 采购经理同意的  -->
            <if test="roleType == 3 ">
                <if test="queryStatus == 0 ">
                    and d.flow_status in ('2','3','-3','4','-4','-5','5','-6','6')
                </if>
                <if test="queryStatus == 1 ">
                    and d.flow_status in ('2')
                </if>
                <if test="queryStatus == 2 ">
                    and d.flow_status in ('3','-3','4','-4','-5','5','-6','6')
                </if>
                ${params.dataScope}
            </if>
            <!-- 采购总监  查看 往来会计同意的  -->
            <if test="roleType == 4 ">
                <if test="queryStatus == 0 ">
                    and d.flow_status in ('3','4','-4','-5','5','-6','6','40')
                </if>
                <if test="queryStatus == 1 ">
                    and d.flow_status in ('3','40')
                </if>
                <if test="queryStatus == 2 ">
                    and d.flow_status in ('4','-4','-5','5','-6','6')
                </if>

                ${params.dataScope}
            </if>
            <!-- 总经理  查看 采购经理同意的  -->
            <if test="roleType == 5 ">
                <if test="queryStatus == 0 ">
                    and d.flow_status in ('4','-5','5','-6','6','40')
                </if>
                <if test="queryStatus == 1 ">
                    and d.flow_status in ('4','40')
                </if>
                <if test="queryStatus == 2 ">
                    and d.flow_status in ('-5','5','-6','6')
                </if>

                ${params.dataScope}
            </if>
            <!-- 查询全部 已经完成的 -->
            <if test="roleType == 0 ">
                and d.flow_status=d.normal_flag
            </if>
        </where>
        order by d.create_time desc
    </select>

    <sql id="selectBizProcessDataVoRefInvoice">
            select d.data_id, d.biz_data_id, d.biz_id, d.normal_flag, d.flow_status, d.remark, d.price1, d.price2, d.price3,
            d.price4, d.price5, d.price6, d.price7, d.price8, d.price9, d.price10, d.string1, d.string2,
            d.string3, d.string4, d.string5, d.string6, d.string7, d.string8, d.string9, d.string10, d.string11,
            d.string12, d.string13, d.string14, d.string15, d.string16, d.string17, d.string18, d.string19, d.string20,
            d.datetime1, d.datetime2, d.datetime3, d.datetime4, d.datetime5, d.status, d.del_flag, d.create_by,
            d.create_time, d.update_by, d.update_time,u.user_name as createByName,d.except_pay_time,d.purchase_specific_requests,
            d.payment_type,d.balance_amount,d.balance_borrow_no
            from biz_process_data d
            left join sys_user u on d.create_by=u.user_id
            left join sys_dept dt on u.dept_id=dt.dept_id
    </sql>
    <select id="selectBizProcessDataListRefInvoice" parameterType="BizProcessData" resultMap="BizProcessDataResult">
        <include refid="selectBizProcessDataVoRefInvoice"/>
        <where>
            <if test="bizDataId != null "> and d.biz_data_id = #{bizDataId}</if>
            <if test="bizId != null  and bizId != ''"> and d.biz_id = #{bizId}</if>
            <if test="normalFlag != null  and normalFlag != ''"> and d.normal_flag = #{normalFlag}</if>
            <if test="flowStatus != null  and flowStatus != ''"> and d.flow_status = #{flowStatus}</if>
            <if test="string1 != null  and string1 != ''"> and d.string1 like concat('%', #{string1}, '%')</if>
            <if test="string5 != null  and string5 != ''"> and d.string5 like concat('%', #{string5}, '%')</if>
            <if test="createByName != null  and createByName != ''"> and u.user_name like concat('%', #{createByName}, '%')</if>
            <!--  开票人-销售经理-销售总经理-往来会计-->
            <if test="roleType == 1 ">
                <if test="queryStatus == 1 ">
                    and d.flow_status in ('0','-1','-2','-3','-4','-5','-6')
                </if>
                <if test="queryStatus == 2 ">
                    and d.flow_status != '0'
                </if>
                ${params.dataScope}
            </if>
            <!-- 销售经理 查看已上报的 -->
            <if test="roleType == 2 ">
                <if test="queryStatus == 0 ">
                    and d.flow_status in ('20','1','2','-2','3','-3','-4','4','-5','5','-6','6')
                </if>
                <if test="queryStatus == 1 ">
                    and d.flow_status in ('20','1')
                </if>
                <if test="queryStatus == 2 ">
                    and d.flow_status in ('2','-2','3','-3','-4','-5','4','5','6','-6')
                </if>
                ${params.dataScope}
            </if>
            <!-- 销售总经理  查看 销售经理同意的  -->
            <if test="roleType == 3 ">
                <if test="queryStatus == 0 ">
                    and d.flow_status in ('30','2','3','-3','4','-4','-5','5','-6','6')
                </if>
                <if test="queryStatus == 1 ">
                    and d.flow_status in ('30','2')
                </if>
                <if test="queryStatus == 2 ">
                    and d.flow_status in ('3','-3','4','-4','-5','5','-6','6')
                </if>
                ${params.dataScope}
            </if>

            <!-- 往来会计  查看 销售总经理同意的  -->
            <if test="roleType == 4 ">
                <if test="queryStatus == 0 ">
                    and d.flow_status in ('40','3','4','-4','-5','5','-6','6','40')
                </if>
                <if test="queryStatus == 1 ">
                    and d.flow_status in ('3','40')
                </if>
                <if test="queryStatus == 2 ">
                    and d.flow_status in ('4','-4','-5','5','-6','6')
                </if>

                ${params.dataScope}
            </if>
            <!-- 查询全部 已经完成的 -->
            <if test="roleType == 0 ">
                and d.flow_status=d.normal_flag
            </if>

        </where>
        order by d.create_time desc
    </select>

    <sql id="selectBizProcessChildVoRefInvoice">
              select d.datetime1 pDate1, d.string1 pString1,d.string2 pString2,d.string3 pString3,d.string5 pString5,d.string6 pString6,
            c.child_id childId,c.data_id dataId,c.string1,c.string2,c.string3,c.string4,c.string5,c.string6,c.string7,c.string8,c.string9,
            c.string10,c.string11,c.price1,c.price2,c.datetime1,c.datetime2,c.datetime3,c.datetime4,u.user_name as createByName
            from biz_process_child c
            left join biz_process_data d on c.data_id=d.data_id
            left join sys_user u on d.create_by=u.user_id
            left join sys_dept dt on u.dept_id=dt.dept_id
    </sql>
    <select id="selectBizProcessChildListRefInvoice" parameterType="com.ruoyi.fmis.invoice.bean.InvoiceReqVo" resultType="com.ruoyi.fmis.invoice.bean.InvoiceRespVo">
        <include refid="selectBizProcessChildVoRefInvoice"/>
        <where>
           1=1 and d.biz_id="invoice" and d.normal_flag=d.flow_status
            <if test="pString1 != null  and pString1 != ''"> and d.string1 like concat('%', #{pString1}, '%')</if>
            <if test="pString2 != null  and pString2 != ''"> and d.string2 = #{pString2}</if>
            <if test="pString3 != null  and pString3 != ''"> and d.string3 like concat('%', #{pString3}, '%')</if>
            <if test="pString5 != null  and pString5 != ''"> and d.string5 like concat('%', #{pString5}, '%')</if>
            <if test="pString6 != null  and pString6 != ''"> and d.string6 like concat('%', #{pString6}, '%')</if>
            <if test="string7 != null  and string7 != ''"> and c.string7 = #{string7}</if>
            <if test="createByName != null  and createByName != ''"> and u.user_name like concat('%', #{createByName}, '%')</if>
            <if test="string2 != null  and string2 != ''"> and c.string2 like concat('%', #{string2}, '%')</if>
            ${params.dataScope}
        </where>
        order by d.create_time desc
    </select>








    <sql id="selectBizProcessDataVoRefPayment">
        select d.data_id, d.biz_data_id, d.biz_id, d.normal_flag, d.flow_status, d.remark, d.price1, d.price2, d.price3,
        d.price4, d.price5, d.price6, d.price7, d.price8, d.price9, d.price10, d.string1, d.string2,
        d.string3, d.string4, d.string5, d.string6, d.string7, d.string8, d.string9, d.string10, d.string11,
        d.string12, d.string13, d.string14, d.string15, d.string16, d.string17, d.string18, d.string19, d.string20,
        d.datetime1, d.datetime2, d.datetime3, d.datetime4, d.datetime5, d.status, d.del_flag, d.create_by,
        d.create_time, d.update_by, d.update_time,
        d.string21,d.string22,d.string23,d.string24,d.string25,d.string26,d.string27,d.string28,d.string29,d.string30,
        d.price11, d.price12, d.price13, d.price14, d.price15, d.price16, d.price17, d.price18, d.price19, d.price20,
        d.except_pay_time,d.purchase_specific_requests,d.payment_type,d.balance_amount,d.balance_borrow_no,
        u.user_name as createByName,de.dept_name as deptName

        from biz_process_data d
        left join sys_dept de on de.dept_id = d.string6
        left join sys_user u on u.user_id=d.create_by
        left join sys_dept dt on u.dept_id=dt.dept_id

    </sql>

    <select id="selectBizProcessDataListRefPayment" parameterType="BizProcessData" resultMap="BizProcessDataResult">
        <include refid="selectBizProcessDataVoRefPayment"/>
        <where>
            <if test="bizDataId != null "> and biz_data_id = #{bizDataId}</if>
            <if test="bizId != null  and bizId != ''"> and biz_id = #{bizId}</if>
            <if test="normalFlag != null  and normalFlag != ''"> and normal_flag = #{normalFlag}</if>
            <if test="flowStatus != null  and flowStatus != ''"> and flow_status = #{flowStatus}</if>
            <if test="price1 != null "> and price1 = #{price1}</if>
            <if test="price2 != null "> and price2 = #{price2}</if>
            <if test="price3 != null "> and price3 = #{price3}</if>
            <if test="price4 != null "> and price4 = #{price4}</if>
            <if test="price5 != null "> and price5 = #{price5}</if>
            <if test="price6 != null "> and price6 = #{price6}</if>
            <if test="price7 != null "> and price7 = #{price7}</if>
            <if test="price8 != null "> and price8 = #{price8}</if>
            <if test="price9 != null "> and price9 = #{price9}</if>
            <if test="price10 != null "> and price10 = #{price10}</if>
            <if test="string1 != null  and string1 != ''"> and string1 = #{string1}</if>
            <if test="string2 != null  and string2 != ''"> and string2 = #{string2}</if>
            <if test="string3 != null  and string3 != ''"> and string3 = #{string3}</if>
            <if test="string4 != null  and string4 != ''"> and string4 = #{string4}</if>
            <if test="string5 != null  and string5 != ''"> and string5 = #{string5}</if>
            <if test="string6 != null  and string6 != ''"> and string6 = #{string6}</if>
            <if test="string7 != null  and string7 != ''"> and string7 = #{string7}</if>
            <if test="string8 != null  and string8 != ''"> and string8 = #{string8}</if>
            <if test="string9 != null  and string9 != ''"> and string9 = #{string9}</if>
            <if test="string10 != null  and string10 != ''"> and string10 = #{string10}</if>
            <if test="string11 != null  and string11 != ''"> and string11 = #{string11}</if>
            <if test="string12 != null  and string12 != ''"> and string12 = #{string12}</if>
            <if test="string13 != null  and string13 != ''"> and string13 = #{string13}</if>
            <if test="string14 != null  and string14 != ''"> and string14 = #{string14}</if>
            <if test="string15 != null  and string15 != ''"> and string15 = #{string15}</if>
            <if test="string16 != null  and string16 != ''"> and string16 = #{string16}</if>
            <if test="string17 != null  and string17 != ''"> and string17 = #{string17}</if>
            <if test="string18 != null  and string18 != ''"> and string18 = #{string18}</if>
            <if test="string19 != null  and string19 != ''"> and string19 = #{string19}</if>
            <if test="string20 != null  and string20 != ''"> and string20 = #{string20}</if>
            <if test="datetime1 != null "> and datetime1 = #{datetime1}</if>
            <if test="datetime2 != null "> and datetime2 = #{datetime2}</if>
            <if test="datetime3 != null "> and datetime3 = #{datetime3}</if>
            <if test="datetime4 != null "> and datetime4 = #{datetime4}</if>
            <if test="datetime5 != null "> and datetime5 = #{datetime5}</if>
            <if test="status != null  and status != ''"> and status = #{status}</if>
            <if test="deptName != null  and deptName != ''"> and de.dept_name like concat('%', #{deptName}, '%')</if>
            <if test="createByName != null  and createByName != ''"> and u.user_name like concat('%', #{createByName}, '%')</if>


            <!--  借款人-部门经理-区域总经理-集团副总-财务总监-集团总裁-出纳付款-->
            <if test="roleType == 1 ">
                <if test="queryStatus == 1 ">
                    and d.flow_status in ('0','-2','-3','-4','-5','-6')
                </if>
                <if test="queryStatus == 2 ">
                    and d.flow_status != '0'
                </if>
                ${params.dataScope}
            </if>
            <!-- 销售经理 查看已上报的 -->
            <if test="roleType == 2 ">
                <if test="queryStatus == 0 ">
                    and d.flow_status in ('20','1','2','-2','3','-3','-4','4','-5','5','-6','6')
                </if>
                <if test="queryStatus == 1 ">
                    and d.flow_status in ('1','20')
                </if>
                <if test="queryStatus == 2 ">
                    and d.flow_status in ('2','-2','3','-3','-4','-5','4','5','6','-6')
                </if>
                ${params.dataScope}
            </if>
            <!-- 区域经理  查看 销售经理同意的  -->
            <if test="roleType == 3 ">
                <if test="queryStatus == 0 ">
                    and d.flow_status in ('2','3','-3','4','-4','-5','5','-6','6','30')
                </if>
                <if test="queryStatus == 1 ">
                    and d.flow_status in ('2','30')
                </if>
                <if test="queryStatus == 2 ">
                    and d.flow_status in ('3','-3','4','-4','-5','5','-6','6')
                </if>
                ${params.dataScope}
            </if>

            <!-- 副总  查看 区域经理同意的  -->
            <if test="roleType == 4 ">
                <if test="queryStatus == 0 ">
                    and d.flow_status in ('3','4','-4','-5','5','-6','6','40')
                </if>
                <if test="queryStatus == 1 ">
                    and d.flow_status in ('3','40')
                </if>
                <if test="queryStatus == 2 ">
                    and d.flow_status in ('4','-4','-5','5','-6','6')
                </if>

                ${params.dataScope}
            </if>

            <!-- 财务总监  查看 副总的  -->
            <if test="roleType == 5 ">
                <if test="queryStatus == 0 ">
                    and d.flow_status in ('4','5','-5','6','-6','50')
                </if>
                <if test="queryStatus == 1 ">
                    and d.flow_status in ('4','50')
                </if>
                <if test="queryStatus == 2 ">
                    and d.flow_status in ('5','-5','6','-6')
                </if>

                ${params.dataScope}
            </if>

            <!-- 总经理  查看 副总同意的  -->
            <if test="roleType == 6 ">
                <if test="queryStatus == 0 ">
                    and d.flow_status in ('5','-5','6','-6','60')
                </if>
                <if test="queryStatus == 1 ">
                    and d.flow_status in ('5','60')
                </if>
                <if test="queryStatus == 2 ">
                    and d.flow_status in ('6','-6')
                </if>

                ${params.dataScope}
            </if>
            <!-- 查询全部 已经完成的 -->
            <if test="roleType == 0 ">
                and d.flow_status=d.normal_flag
            </if>
        </where>

        order by d.create_time desc
    </select>

    <select id="selectBizProcessDataPaymentById" parameterType="Long" resultMap="BizProcessDataResult">
        <include refid="selectBizProcessDataVoRefPayment"/>
        where data_id = #{dataId}
    </select>



    <sql id="selectBizProcessDataVoRefProcurement">
        select * from (select d.data_id, d.biz_data_id, d.biz_id, d.normal_flag, d.flow_status, d.remark, d.price1, d.price2, d.price3,
        d.price4, d.price5, d.price6, d.price7, d.price8, d.price9, d.price10, d.string1, d.string2,
        d.string3, d.string4, d.string5, d.string6, d.string7, d.string8, d.string9, d.string10, d.string11,
        d.string12, d.string13, d.string14, d.string15, d.string16, d.string17, d.string18, d.string19, d.string20,
        d.datetime1, d.datetime2, d.datetime3, d.datetime4, d.datetime5, d.status, d.del_flag, d.create_by,
        d.create_time, d.update_by, d.update_time,
        d.string21,d.string22,d.string23,d.string24,d.string25,d.string26,d.string27,d.string28,d.string29,d.string30,
        d.price11, d.price12, d.price13, d.price14, d.price15, d.price16, d.price17, d.price18, d.price19, d.price20,
        d.except_pay_time,d.purchase_specific_requests,
        ((COALESCE(sum(ss.num),0)-ifnull(sn1.cn1,0) - ifnull(sn1.cn2,0))) as stayNum,
        s.name as supplierName
        from biz_process_data d
        left join biz_data_steststay ss on ss.string4=d.data_id and ss.num > 0 and ss.string1='0'
        left join biz_suppliers s on s.suppliers_id=d.string6
        left join (select sn.string4, COALESCE(sum(sn.string1),0) cn1,COALESCE(sum(sn.string2),0) cn2 from biz_data_stestn sn group by sn.string4) sn1 on sn1.string4=d.data_id
        group by d.data_id
      ) d
    </sql>

    <select id="selectBizProcessDataListRefProcurement" parameterType="BizProcessData" resultMap="BizProcessDataResult">
        <include refid="selectBizProcessDataVoRefProcurement"/>

        <where>
            1=1
            <if test="dataStatus == -1"> and d.stayNum > 0</if>
            <if test="bizDataId != null "> and d.biz_data_id = #{bizDataId}</if>
            <if test="bizId != null  and bizId != ''"> and d.biz_id = #{bizId}</if>
            <if test="normalFlag != null  and normalFlag != ''"> and normal_flag = #{normalFlag}</if>
            <if test="flowStatus != null  and flowStatus != ''"> and flow_status = #{flowStatus}</if>
            <if test="price1 != null "> and price1 = #{price1}</if>
            <if test="price2 != null "> and price2 = #{price2}</if>
            <if test="price3 != null "> and price3 = #{price3}</if>
            <if test="price4 != null "> and price4 = #{price4}</if>
            <if test="price5 != null "> and price5 = #{price5}</if>
            <if test="price6 != null "> and price6 = #{price6}</if>
            <if test="price7 != null "> and price7 = #{price7}</if>
            <if test="price8 != null "> and price8 = #{price8}</if>
            <if test="price9 != null "> and price9 = #{price9}</if>
            <if test="price10 != null "> and price10 = #{price10}</if>
            <if test="string1 != null  and string1 != ''"> and string1 like concat('%', #{string1}, '%')</if>
            <if test="string2 != null  and string2 != ''"> and string2 like concat('%', #{string2}, '%')</if>
            <if test="string3 != null  and string3 != ''"> and string3 = #{string3}</if>
            <if test="string4 != null  and string4 != ''"> and string4 = #{string4}</if>
            <if test="string5 != null  and string5 != ''"> and string5 = #{string5}</if>
            <if test="string6 != null  and string6 != ''"> and string6 like concat('%', #{string6}, '%')</if>
            <if test="string7 != null  and string7 != ''"> and string7 = #{string7}</if>
            <if test="string8 != null  and string8 != ''"> and string8 = #{string8}</if>
            <if test="string9 != null  and string9 != ''"> and string9 = #{string9}</if>
            <if test="string10 != null  and string10 != ''"> and string10  like concat('%', #{string10}, '%')</if>
            <if test="string11 != null  and string11 != ''"> and string11 = #{string11}</if>
            <if test="string12 != null  and string12 != ''"> and string12 like concat('%', #{string12}, '%')</if>
            <if test="string13 != null  and string13 != ''"> and string13 = #{string13}</if>
            <if test="string14 != null  and string14 != ''"> and string14 = #{string14}</if>
            <if test="string15 != null  and string15 != ''"> and string15 = #{string15}</if>
            <if test="string16 != null  and string16 != ''"> and string16 = #{string16}</if>
            <if test="string17 != null  and string17 != ''"> and string17 = #{string17}</if>
            <if test="string18 != null  and string18 != ''"> and string18 = #{string18}</if>
            <if test="string19 != null  and string19 != ''"> and string19 = #{string19}</if>
            <if test="string20 != null  and string20 != ''"> and string20 = #{string20}</if>
            <if test="datetime1 != null "> and datetime1 = #{datetime1}</if>
            <if test="datetime2 != null "> and datetime2 = #{datetime2}</if>
            <if test="datetime3 != null "> and datetime3 = #{datetime3}</if>
            <if test="datetime4 != null "> and datetime4 = #{datetime4}</if>
            <if test="datetime5 != null "> and datetime5 = #{datetime5}</if>
            <if test="status != null  and status != ''"> and status = #{status}</if>
            <if test="createBy != null  and createBy != ''"> and  d.create_by = #{createBy}</if>

            <!-- 采购 采购员-采购主管-采购经理-总经理审批 -->
            <if test="roleType == 1 ">
                <if test="queryStatus == 1 ">
                    and d.flow_status in ('0','-2','-3','-4')
                </if>
                <if test="queryStatus == 2 ">
                    and d.flow_status != '0'
                </if>
                ${params.dataScope}
            </if>
            <!-- 采购主管 查看已上报的 -->
            <if test="roleType == 2 ">
                <if test="queryStatus == 0 ">
                    and d.flow_status in ('20','1','2','3','-3','-4','4')
                </if>
                <if test="queryStatus == 1 ">
                    and d.flow_status in ('20','1')
                </if>
                <if test="queryStatus == 2 ">
                    and d.flow_status in ('2','3','-3','-4','-5','4')
                </if>
                ${params.dataScope}
            </if>
            <!-- 采购经理  查看 销售经理同意的  -->
            <if test="roleType == 3 ">
                <if test="queryStatus == 0 ">
                    and d.flow_status in ('1','2','3','-3','4','-4','30')
                </if>
                <if test="queryStatus == 1 ">
                    and d.flow_status in ('2','30')
                </if>
                <if test="queryStatus == 2 ">
                    and d.flow_status in ('3','-3','4','-4')
                </if>
                ${params.dataScope}
            </if>

            <!-- 总经理审批  查看 区域经理同意的  -->
            <if test="roleType == 4 ">
                <if test="queryStatus == 0 ">
                    and d.flow_status in ('1','2','3','4','-4','40')
                </if>
                <if test="queryStatus == 1 ">
                    and d.flow_status in ('3','40')
                </if>
                <if test="queryStatus == 2 ">
                    and d.flow_status in ('4','-4','-5','5','-6','6')
                </if>

                ${params.dataScope}
            </if>

            <!-- 查询全部 已经完成的 -->
            <if test="roleType == 0 ">
                and d.flow_status=d.normal_flag
            </if>
            <if test="supplierIds != null" >
                and d.string6 in (
                    <foreach collection="supplierIds" separator="," item="item">
                        #{item}
                    </foreach>
                )

            </if>

        </where>
        order by d.create_time desc
    </select>


    <sql id="selectBizProcessDataVoRefTrack">
        select * from (select d.data_id, d.biz_data_id, d.biz_id, d.normal_flag, d.flow_status, d.remark, d.price1, d.price2, d.price3,
                              d.price4, d.price5, d.price6, d.price7, d.price8, d.price9, d.price10, d.string1, d.string2,
                              d.string3, d.string4, d.string5, d.string6, d.string7, d.string8, d.string9, d.string10, d.string11,
                              d.string12, d.string13, d.string14, d.string15, d.string16, d.string17, d.string18, d.string19, d.string20,
                              d.datetime1, d.datetime2, d.datetime3, d.datetime4, d.datetime5, d.status, d.del_flag, d.create_by,
                              d.create_time, d.update_by, d.update_time,
                              d.string21,d.string22,d.string23,d.string24,d.string25,d.string26,d.string27,d.string28,d.string29,d.string30,
                              d.price11, d.price12, d.price13, d.price14, d.price15, d.price16, d.price17, d.price18, d.price19, d.price20,
                              d.except_pay_time,d.purchase_specific_requests,
                              s.name as supplierName
                       from biz_process_data d
                                left join biz_suppliers s on s.suppliers_id=d.string6
                       group by d.data_id
                      ) d
    </sql>

    <select id="selectBizProcessDataListRefTrack" parameterType="BizProcessData" resultMap="BizProcessDataResult">
        <include refid="selectBizProcessDataVoRefTrack"/>

        <where>
            1=1
            <if test="bizDataId != null "> and d.biz_data_id = #{bizDataId}</if>
            <if test="bizId != null  and bizId != ''"> and d.biz_id = #{bizId}</if>
            <if test="normalFlag != null  and normalFlag != ''"> and normal_flag = #{normalFlag}</if>
            <if test="flowStatus != null  and flowStatus != ''"> and flow_status = #{flowStatus}</if>
            <if test="price1 != null "> and price1 = #{price1}</if>
            <if test="price2 != null "> and price2 = #{price2}</if>
            <if test="price3 != null "> and price3 = #{price3}</if>
            <if test="price4 != null "> and price4 = #{price4}</if>
            <if test="price5 != null "> and price5 = #{price5}</if>
            <if test="price6 != null "> and price6 = #{price6}</if>
            <if test="price7 != null "> and price7 = #{price7}</if>
            <if test="price8 != null "> and price8 = #{price8}</if>
            <if test="price9 != null "> and price9 = #{price9}</if>
            <if test="price10 != null "> and price10 = #{price10}</if>
            <if test="string1 != null  and string1 != ''"> and string1 like concat('%', #{string1}, '%')</if>
            <if test="string2 != null  and string2 != ''"> and string2 like concat('%', #{string2}, '%')</if>
            <if test="string3 != null  and string3 != ''"> and string3 = #{string3}</if>
            <if test="string4 != null  and string4 != ''"> and string4 = #{string4}</if>
            <if test="string5 != null  and string5 != ''"> and string5 = #{string5}</if>
            <if test="string6 != null  and string6 != ''"> and string6 like concat('%', #{string6}, '%')</if>
            <if test="string7 != null  and string7 != ''"> and string7 = #{string7}</if>
            <if test="string8 != null  and string8 != ''"> and string8 = #{string8}</if>
            <if test="string9 != null  and string9 != ''"> and string9 = #{string9}</if>
            <if test="string10 != null  and string10 != ''"> and string10  like concat('%', #{string10}, '%')</if>
            <if test="string11 != null  and string11 != ''"> and string11 = #{string11}</if>
            <if test="string12 != null  and string12 != ''"> and string12 like concat('%', #{string12}, '%')</if>
            <if test="string13 != null  and string13 != ''"> and string13 = #{string13}</if>
            <if test="string14 != null  and string14 != ''"> and string14 = #{string14}</if>
            <if test="string15 != null  and string15 != ''"> and string15 = #{string15}</if>
            <if test="string16 != null  and string16 != ''"> and string16 = #{string16}</if>
            <if test="string17 != null  and string17 != ''"> and string17 = #{string17}</if>
            <if test="string18 != null  and string18 != ''"> and string18 = #{string18}</if>
            <if test="string19 != null  and string19 != ''"> and string19 = #{string19}</if>
            <if test="string20 != null  and string20 != ''"> and string20 = #{string20}</if>
            <if test="datetime1 != null "> and datetime1 = #{datetime1}</if>
            <if test="datetime2 != null "> and datetime2 = #{datetime2}</if>
            <if test="datetime3 != null "> and datetime3 = #{datetime3}</if>
            <if test="datetime4 != null "> and datetime4 = #{datetime4}</if>
            <if test="datetime5 != null "> and datetime5 = #{datetime5}</if>
            <if test="status != null  and status != ''"> and status = #{status}</if>
            <if test="createBy != null  and createBy != ''"> and  d.create_by = #{createBy}</if>
            <if test="supplierIds != null" >
                and d.string6 in (
                <foreach collection="supplierIds" separator="," item="item">
                    #{item}
                </foreach>
                )

            </if>
            <if test="contractNoList != null " >
                and
                <foreach collection="contractNoList" separator=" or " item="item" open="(" close=")">
                    find_in_set(#{item}, d.string10)
                </foreach>


            </if>

        </where>
        order by d.create_time desc
    </select>

    <sql id="selectBizProcessDataVoRefBorrowing">
        select d.data_id, d.biz_data_id, d.biz_id, d.normal_flag, d.flow_status, d.remark, d.price1, d.price2, d.price3,
        d.price4, d.price5, d.price6, d.price7, d.price8, d.price9, d.price10, d.string1, d.string2,
        d.string3, d.string4, d.string5, d.string6, d.string7, d.string8, d.string9, d.string10, d.string11,
        d.string12, d.string13, d.string14, d.string15, d.string16, d.string17, d.string18, d.string19, d.string20,
        d.datetime1, d.datetime2, d.datetime3, d.datetime4, d.datetime5, d.status, d.del_flag, d.create_by,
        d.create_time, d.update_by, d.update_time,
        d.string21,d.string22,d.string23,d.string24,d.string25,d.string26,d.string27,d.string28,d.string29,d.string30,
        d.price11, d.price12, d.price13, d.price14, d.price15, d.price16, d.price17, d.price18, d.price19, d.price20,
        d.except_pay_time,d.purchase_specific_requests,d.payment_type,d.balance_amount,d.balance_borrow_no,
        u.user_name as createByName,de.dept_name as deptName,de1.dept_name as deptName1

        from biz_process_data d
        left join sys_dept de on de.dept_id = d.string1
        left join sys_dept de1 on de1.dept_id = d.string10
        left join sys_user u on u.user_id=d.create_by
        left join sys_dept dt on u.dept_id=dt.dept_id

    </sql>

    <select id="selectBizProcessDataVoRefBorrowing" parameterType="BizProcessData" resultMap="BizProcessDataResult">
        <include refid="selectBizProcessDataVoRefBorrowing"/>
        <where>
            <if test="bizDataId != null "> and biz_data_id = #{bizDataId}</if>
            <if test="bizId != null  and bizId != ''"> and biz_id = #{bizId}</if>
            <if test="normalFlag != null  and normalFlag != ''"> and normal_flag = #{normalFlag}</if>
            <if test="flowStatus != null  and flowStatus != ''"> and flow_status = #{flowStatus}</if>
            <if test="price1 != null "> and price1 = #{price1}</if>
            <if test="price2 != null "> and price2 = #{price2}</if>
            <if test="price3 != null "> and price3 = #{price3}</if>
            <if test="price4 != null "> and price4 = #{price4}</if>
            <if test="price5 != null "> and price5 = #{price5}</if>
            <if test="price6 != null "> and price6 = #{price6}</if>
            <if test="price7 != null "> and price7 = #{price7}</if>
            <if test="price8 != null "> and price8 = #{price8}</if>
            <if test="price9 != null "> and price9 = #{price9}</if>
            <if test="price10 != null "> and price10 = #{price10}</if>
            <if test="string1 != null  and string1 != ''"> and string1 = #{string1}</if>
            <if test="string2 != null  and string2 != ''"> and string2 = #{string2}</if>
            <if test="string3 != null  and string3 != ''"> and string3 = #{string3}</if>
            <if test="string4 != null  and string4 != ''"> and string4 = #{string4}</if>
            <if test="string5 != null  and string5 != ''"> and string5 = #{string5}</if>
            <if test="string6 != null  and string6 != ''"> and string6 = #{string6}</if>
            <if test="string7 != null  and string7 != ''"> and string7 = #{string7}</if>
            <if test="string8 != null  and string8 != ''"> and string8 = #{string8}</if>
            <if test="string9 != null  and string9 != ''"> and string9 = #{string9}</if>
            <if test="string10 != null  and string10 != ''"> and string10 like concat('%', #{string10}, '%')</if>
            <if test="string11 != null  and string11 != ''"> and string11 = #{string11}</if>
            <if test="string12 != null  and string12 != ''"> and string12 = #{string12}</if>
            <if test="string13 != null  and string13 != ''"> and string13 = #{string13}</if>
            <if test="string14 != null  and string14 != ''"> and string14 = #{string14}</if>
            <if test="string15 != null  and string15 != ''"> and string15 = #{string15}</if>
            <if test="string16 != null  and string16 != ''"> and string16 = #{string16}</if>
            <if test="string17 != null  and string17 != ''"> and string17 = #{string17}</if>
            <if test="string18 != null  and string18 != ''"> and string18 = #{string18}</if>
            <if test="string19 != null  and string19 != ''"> and string19 = #{string19}</if>
            <if test="string20 != null  and string20 != ''"> and string20 = #{string20}</if>
            <if test="datetime1 != null "> and datetime1 = #{datetime1}</if>
            <if test="datetime2 != null "> and datetime2 = #{datetime2}</if>
            <if test="datetime3 != null "> and datetime3 = #{datetime3}</if>
            <if test="datetime4 != null "> and datetime4 = #{datetime4}</if>
            <if test="datetime5 != null "> and datetime5 = #{datetime5}</if>
            <if test="status != null  and status != ''"> and status = #{status}</if>
            <if test="deptName != null  and deptName != ''"> and de.dept_name   like concat('%', #{deptName}, '%')</if>
            <if test="createByName != null  and createByName != ''"> and u.user_name like concat('%', #{createByName}, '%')</if>


            <!--  借款人-部门经理-区域总经理-集团副总-财务总监-集团总裁-出纳付款-->
            <if test="roleType == 1 ">
                <if test="queryStatus == 1 ">
                    and d.flow_status in ('0','-2','-3','-4','-5','-6')
                </if>
                <if test="queryStatus == 2 ">
                    and d.flow_status != '0'
                </if>
                ${params.dataScope}
            </if>
            <!-- 销售经理 查看已上报的 -->
            <if test="roleType == 2 ">
                <if test="queryStatus == 0 ">
                    and d.flow_status in ('20','1','2','-2','3','-3','-4','4','-5','5','-6','6')
                </if>
                <if test="queryStatus == 1 ">
                    and d.flow_status in ('1','20')
                </if>
                <if test="queryStatus == 2 ">
                    and d.flow_status in ('2','-2','3','-3','-4','-5','4','5','6','-6')
                </if>
                ${params.dataScope}
            </if>
            <!-- 区域经理  查看 销售经理同意的  -->
            <if test="roleType == 3 ">
                <if test="queryStatus == 0 ">
                    and d.flow_status in ('2','3','-3','4','-4','-5','5','-6','6','30')
                </if>
                <if test="queryStatus == 1 ">
                    and d.flow_status in ('2','30')
                </if>
                <if test="queryStatus == 2 ">
                    and d.flow_status in ('3','-3','4','-4','-5','5','-6','6')
                </if>
                ${params.dataScope}
            </if>

            <!-- 副总  查看 区域经理同意的  -->
            <if test="roleType == 4 ">
                <if test="queryStatus == 0 ">
                    and d.flow_status in ('3','4','-4','-5','5','-6','6','40')
                </if>
                <if test="queryStatus == 1 ">
                    and d.flow_status in ('3','40')
                </if>
                <if test="queryStatus == 2 ">
                    and d.flow_status in ('4','-4','-5','5','-6','6')
                </if>

                ${params.dataScope}
            </if>

            <!-- 财务总监  查看 副总的  -->
            <if test="roleType == 5 ">
                <if test="queryStatus == 0 ">
                    and d.flow_status in ('4','5','-5','6','-6','50')
                </if>
                <if test="queryStatus == 1 ">
                    and d.flow_status in ('4','50')
                </if>
                <if test="queryStatus == 2 ">
                    and d.flow_status in ('5','-5','6','-6')
                </if>

                ${params.dataScope}
            </if>

            <!-- 总经理  查看 副总同意的  -->
            <if test="roleType == 6 ">
                <if test="queryStatus == 0 ">
                    and d.flow_status in ('5','-5','6','-6','60')
                </if>
                <if test="queryStatus == 1 ">
                    and d.flow_status in ('5','60')
                </if>
                <if test="queryStatus == 2 ">
                    and d.flow_status in ('6','-6')
                </if>

                ${params.dataScope}
            </if>
            <!-- 查询全部 已经完成的 -->
            <if test="roleType == 0 ">
                and d.flow_status=d.normal_flag
            </if>
        </where>

        order by d.create_time desc
    </select>


    <select id="selectBizProcessDataBorrowingById" parameterType="Long" resultMap="BizProcessDataResult">
        <include refid="selectBizProcessDataVoRefBorrowing"/>
        where data_id = #{dataId}
    </select>


    <select id="selectBizProcessDataById" parameterType="Long" resultMap="BizProcessDataResult">
        <include refid="selectBizProcessDataVo"/>
        where data_id = #{dataId}
    </select>

    <insert id="insertBizProcessData" parameterType="BizProcessData" useGeneratedKeys="true" keyProperty="dataId">
        insert into biz_process_data
        <trim prefix="(" suffix=")" suffixOverrides=",">
            <if test="bizDataId != null ">biz_data_id,</if>
            <if test="bizId != null  and bizId != ''">biz_id,</if>
            <if test="normalFlag != null  and normalFlag != ''">normal_flag,</if>
            <if test="flowStatus != null  and flowStatus != ''">flow_status,</if>
            <if test="remark != null  and remark != ''">remark,</if>
            <if test="price1 != null ">price1,</if>
            <if test="price2 != null ">price2,</if>
            <if test="price3 != null ">price3,</if>
            <if test="price4 != null ">price4,</if>
            <if test="price5 != null ">price5,</if>
            <if test="price6 != null ">price6,</if>
            <if test="price7 != null ">price7,</if>
            <if test="price8 != null ">price8,</if>
            <if test="price9 != null ">price9,</if>
            <if test="price10 != null ">price10,</if>

            <if test="price11 != null ">price11,</if>
            <if test="price12 != null ">price12,</if>
            <if test="price13 != null ">price13,</if>
            <if test="price14 != null ">price14,</if>
            <if test="price15 != null ">price15,</if>
            <if test="price16 != null ">price16,</if>
            <if test="price17 != null ">price17,</if>
            <if test="price18 != null ">price18,</if>
            <if test="price19 != null ">price19,</if>
            <if test="price20 != null ">price20,</if>

            <if test="string1 != null  and string1 != ''">string1,</if>
            <if test="string2 != null  and string2 != ''">string2,</if>
            <if test="string3 != null  and string3 != ''">string3,</if>
            <if test="string4 != null  and string4 != ''">string4,</if>
            <if test="string5 != null  and string5 != ''">string5,</if>
            <if test="string6 != null  and string6 != ''">string6,</if>
            <if test="string7 != null  and string7 != ''">string7,</if>
            <if test="string8 != null  and string8 != ''">string8,</if>
            <if test="string9 != null  and string9 != ''">string9,</if>
            <if test="string10 != null  and string10 != ''">string10,</if>
            <if test="string11 != null  and string11 != ''">string11,</if>
            <if test="string12 != null  and string12 != ''">string12,</if>
            <if test="string13 != null  and string13 != ''">string13,</if>
            <if test="string14 != null  and string14 != ''">string14,</if>
            <if test="string15 != null  and string15 != ''">string15,</if>
            <if test="string16 != null  and string16 != ''">string16,</if>
            <if test="string17 != null  and string17 != ''">string17,</if>
            <if test="string18 != null  and string18 != ''">string18,</if>
            <if test="string19 != null  and string19 != ''">string19,</if>
            <if test="string20 != null  and string20 != ''">string20,</if>


            <if test="string21 != null  and string21 != ''">string21,</if>
            <if test="string22 != null  and string22 != ''">string22,</if>
            <if test="string23 != null  and string23 != ''">string23,</if>
            <if test="string24 != null  and string24 != ''">string24,</if>
            <if test="string25 != null  and string25 != ''">string25,</if>
            <if test="string26 != null  and string26 != ''">string26,</if>
            <if test="string27 != null  and string27 != ''">string27,</if>
            <if test="string28 != null  and string28 != ''">string28,</if>
            <if test="string29 != null  and string29 != ''">string29,</if>
            <if test="string30 != null  and string30 != ''">string30,</if>

            <if test="datetime1 != null ">datetime1,</if>
            <if test="datetime2 != null ">datetime2,</if>
            <if test="datetime3 != null ">datetime3,</if>
            <if test="datetime4 != null ">datetime4,</if>
            <if test="datetime5 != null ">datetime5,</if>
            <if test="status != null  and status != ''">status,</if>
            <if test="delFlag != null  and delFlag != ''">del_flag,</if>
            <if test="createBy != null  and createBy != ''">create_by,</if>
            <if test="createTime != null ">create_time,</if>
            <if test="updateBy != null  and updateBy != ''">update_by,</if>
            <if test="updateTime != null ">update_time,</if>
            <if test="exceptPayTime != null ">except_pay_time,</if>
            <if test="purchaseSpecificRequests != null ">purchase_specific_requests,</if>
            <if test="paymentType != null ">payment_type,</if>
            <if test="balanceAmount != null ">balance_amount,</if>
            <if test="balanceBorrowNo != null ">balance_borrow_no,</if>
        </trim>
        <trim prefix="values (" suffix=")" suffixOverrides=",">
            <if test="bizDataId != null ">#{bizDataId},</if>
            <if test="bizId != null  and bizId != ''">#{bizId},</if>
            <if test="normalFlag != null  and normalFlag != ''">#{normalFlag},</if>
            <if test="flowStatus != null  and flowStatus != ''">#{flowStatus},</if>
            <if test="remark != null  and remark != ''">#{remark},</if>
            <if test="price1 != null ">#{price1},</if>
            <if test="price2 != null ">#{price2},</if>
            <if test="price3 != null ">#{price3},</if>
            <if test="price4 != null ">#{price4},</if>
            <if test="price5 != null ">#{price5},</if>
            <if test="price6 != null ">#{price6},</if>
            <if test="price7 != null ">#{price7},</if>
            <if test="price8 != null ">#{price8},</if>
            <if test="price9 != null ">#{price9},</if>
            <if test="price10 != null ">#{price10},</if>

            <if test="price11 != null ">#{price11},</if>
            <if test="price12 != null ">#{price12},</if>
            <if test="price13 != null ">#{price13},</if>
            <if test="price14 != null ">#{price14},</if>
            <if test="price15 != null ">#{price15},</if>
            <if test="price16 != null ">#{price16},</if>
            <if test="price17 != null ">#{price17},</if>
            <if test="price18 != null ">#{price18},</if>
            <if test="price19 != null ">#{price19},</if>
            <if test="price20 != null ">#{price20},</if>


            <if test="string1 != null  and string1 != ''">#{string1},</if>
            <if test="string2 != null  and string2 != ''">#{string2},</if>
            <if test="string3 != null  and string3 != ''">#{string3},</if>
            <if test="string4 != null  and string4 != ''">#{string4},</if>
            <if test="string5 != null  and string5 != ''">#{string5},</if>
            <if test="string6 != null  and string6 != ''">#{string6},</if>
            <if test="string7 != null  and string7 != ''">#{string7},</if>
            <if test="string8 != null  and string8 != ''">#{string8},</if>
            <if test="string9 != null  and string9 != ''">#{string9},</if>
            <if test="string10 != null  and string10 != ''">#{string10},</if>
            <if test="string11 != null  and string11 != ''">#{string11},</if>
            <if test="string12 != null  and string12 != ''">#{string12},</if>
            <if test="string13 != null  and string13 != ''">#{string13},</if>
            <if test="string14 != null  and string14 != ''">#{string14},</if>
            <if test="string15 != null  and string15 != ''">#{string15},</if>
            <if test="string16 != null  and string16 != ''">#{string16},</if>
            <if test="string17 != null  and string17 != ''">#{string17},</if>
            <if test="string18 != null  and string18 != ''">#{string18},</if>
            <if test="string19 != null  and string19 != ''">#{string19},</if>
            <if test="string20 != null  and string20 != ''">#{string20},</if>

            <if test="string21 != null  and string21 != ''">#{string21},</if>
            <if test="string22 != null  and string22 != ''">#{string22},</if>
            <if test="string23 != null  and string23 != ''">#{string23},</if>
            <if test="string24 != null  and string24 != ''">#{string24},</if>
            <if test="string25 != null  and string25 != ''">#{string25},</if>
            <if test="string26 != null  and string26 != ''">#{string26},</if>
            <if test="string27 != null  and string27 != ''">#{string27},</if>
            <if test="string28 != null  and string28 != ''">#{string28},</if>
            <if test="string29 != null  and string29 != ''">#{string29},</if>
            <if test="string30 != null  and string30 != ''">#{string30},</if>

            <if test="datetime1 != null ">#{datetime1},</if>
            <if test="datetime2 != null ">#{datetime2},</if>
            <if test="datetime3 != null ">#{datetime3},</if>
            <if test="datetime4 != null ">#{datetime4},</if>
            <if test="datetime5 != null ">#{datetime5},</if>
            <if test="status != null  and status != ''">#{status},</if>
            <if test="delFlag != null  and delFlag != ''">#{delFlag},</if>
            <if test="createBy != null  and createBy != ''">#{createBy},</if>
            <if test="createTime != null ">#{createTime},</if>
            <if test="updateBy != null  and updateBy != ''">#{updateBy},</if>
            <if test="updateTime != null ">#{updateTime},</if>
            <if test="exceptPayTime != null ">#{exceptPayTime},</if>
            <if test="purchaseSpecificRequests != null ">#{purchaseSpecificRequests},</if>
            <if test="paymentType != null ">#{paymentType},</if>
            <if test="balanceAmount != null ">#{balanceAmount},</if>
            <if test="balanceBorrowNo != null ">#{balanceBorrowNo},</if>
        </trim>
    </insert>

    <update id="updateBizProcessData" parameterType="BizProcessData">
        update biz_process_data
        <trim prefix="SET" suffixOverrides=",">
            <if test="bizDataId != null ">biz_data_id = #{bizDataId},</if>
            <if test="bizId != null  and bizId != ''">biz_id = #{bizId},</if>
            <if test="normalFlag != null  and normalFlag != ''">normal_flag = #{normalFlag},</if>
            <if test="flowStatus != null  and flowStatus != ''">flow_status = #{flowStatus},</if>
            <if test="remark != null  and remark != ''">remark = #{remark},</if>
            <if test="price1 != null ">price1 = #{price1},</if>
            <if test="price2 != null ">price2 = #{price2},</if>
            <if test="price3 != null ">price3 = #{price3},</if>
            <if test="price4 != null ">price4 = #{price4},</if>
            <if test="price5 != null ">price5 = #{price5},</if>
            <if test="price6 != null ">price6 = #{price6},</if>
            <if test="price7 != null ">price7 = #{price7},</if>
            <if test="price8 != null ">price8 = #{price8},</if>
            <if test="price9 != null ">price9 = #{price9},</if>
            <if test="price10 != null ">price10 = #{price10},</if>

            <if test="price11 != null ">price11 = #{price11},</if>
            <if test="price12 != null ">price12 = #{price12},</if>
            <if test="price13 != null ">price13 = #{price13},</if>
            <if test="price14 != null ">price14 = #{price14},</if>
            <if test="price15 != null ">price15 = #{price15},</if>
            <if test="price16 != null ">price16 = #{price16},</if>
            <if test="price17 != null ">price17 = #{price17},</if>
            <if test="price18 != null ">price18 = #{price18},</if>
            <if test="price19 != null ">price19 = #{price19},</if>
            <if test="price20 != null ">price20 = #{price20},</if>

            <if test="string1 != null  and string1 != ''">string1 = #{string1},</if>
            <if test="string2 != null  and string2 != ''">string2 = #{string2},</if>
            <if test="string3 != null  and string3 != ''">string3 = #{string3},</if>
            <if test="string4 != null  and string4 != ''">string4 = #{string4},</if>
            <if test="string5 != null  and string5 != ''">string5 = #{string5},</if>
            <if test="string6 != null  and string6 != ''">string6 = #{string6},</if>
            <if test="string7 != null  and string7 != ''">string7 = #{string7},</if>
            <if test="string8 != null  and string8 != ''">string8 = #{string8},</if>
            <if test="string9 != null  and string9 != ''">string9 = #{string9},</if>
            <if test="string10 != null  and string10 != ''">string10 = #{string10},</if>
            <if test="string11 != null  and string11 != ''">string11 = #{string11},</if>
            <if test="string12 != null  and string12 != ''">string12 = #{string12},</if>
            <if test="string13 != null  and string13 != ''">string13 = #{string13},</if>
            <if test="string14 != null  and string14 != ''">string14 = #{string14},</if>
            <if test="string15 != null  and string15 != ''">string15 = #{string15},</if>
            <if test="string16 != null  and string16 != ''">string16 = #{string16},</if>
            <if test="string17 != null  and string17 != ''">string17 = #{string17},</if>
            <if test="string18 != null  and string18 != ''">string18 = #{string18},</if>
            <if test="string19 != null  and string19 != ''">string19 = #{string19},</if>
            <if test="string20 != null  and string20 != ''">string20 = #{string20},</if>

            <if test="string21 != null  and string21 != ''">string21 = #{string21},</if>
            <if test="string22 != null  and string22 != ''">string22 = #{string22},</if>
            <if test="string23 != null  and string23 != ''">string23 = #{string23},</if>
            <if test="string24 != null  and string24 != ''">string24 = #{string24},</if>
            <if test="string25 != null  and string25 != ''">string25 = #{string25},</if>
            <if test="string26 != null  and string26 != ''">string26 = #{string26},</if>
            <if test="string27 != null  and string27 != ''">string27 = #{string27},</if>
            <if test="string28 != null  and string28 != ''">string28 = #{string28},</if>
            <if test="string29 != null  and string29 != ''">string29 = #{string29},</if>
            <if test="string30 != null  and string30 != ''">string30 = #{string30},</if>

            <if test="datetime1 != null ">datetime1 = #{datetime1},</if>
            <if test="datetime2 != null ">datetime2 = #{datetime2},</if>
            <if test="datetime3 != null ">datetime3 = #{datetime3},</if>
            <if test="datetime4 != null ">datetime4 = #{datetime4},</if>
            <if test="datetime5 != null ">datetime5 = #{datetime5},</if>
            <if test="status != null  and status != ''">status = #{status},</if>
            <if test="delFlag != null  and delFlag != ''">del_flag = #{delFlag},</if>
            <if test="createBy != null  and createBy != ''">create_by = #{createBy},</if>
            <if test="createTime != null ">create_time = #{createTime},</if>
            <if test="updateBy != null  and updateBy != ''">update_by = #{updateBy},</if>
            <if test="updateTime != null ">update_time = #{updateTime},</if>
            <if test="exceptPayTime != null ">except_pay_time = #{exceptPayTime},</if>
            <if test="purchaseSpecificRequests != null ">purchase_specific_requests = #{purchaseSpecificRequests},</if>
            <if test="paymentType != null ">payment_type = #{paymentType},</if>
            <if test="balanceAmount != null ">balance_amount = #{balanceAmount},</if>
            <if test="balanceBorrowNo != null  ">balance_borrow_no = #{balanceBorrowNo},</if>
        </trim>
        where data_id = #{dataId}
    </update>

    <delete id="deleteBizProcessDataById" parameterType="Long">
        delete from biz_process_data where data_id = #{dataId}
    </delete>

    <delete id="deleteBizProcessDataByIds" parameterType="String">
        delete from biz_process_data where data_id in
        <foreach item="dataId" collection="array" open="(" separator="," close=")">
            #{dataId}
        </foreach>
    </delete>

    <select id="selectProcurementMaxNo" parameterType="String" resultType="Long">
        SELECT (max(CONVERT(right(string12,3),UNSIGNED INTEGER)) + 1) as fileNumber FROM biz_process_data
        where string12 like concat('PO-',date_format(now(), '%Y%m'), '%')
    </select>

    <select id="selectSaleListExport" resultType="com.ruoyi.fmis.data.domain.SaleListExportDTO">
        select
            p.name as productName,
--             concat_ws(' ',p.specifications,p.model) as specAndModel,
            p.model as specAndModel,
            bpc.string3 quantity,
            bpc.string3*bpc.price1 amount,
            bpc.string14 discountAmount,
            '0.13' taxRate,
            bpc.price1 price
        from biz_process_child bpc
                 left join biz_process_data bpd on bpc.data_id=bpd.data_id
                 left join biz_product p on bpc.string2=p.product_id
        where bpd.data_id=#{dataId}

    </select>

    <select id="selectAllBorrowingWithNoPayAndAgree" resultMap="BizProcessDataResult" parameterType="long">
        select  * from biz_process_data where biz_id='borrowing' and flow_status = normal_flag and string11 ='1' and create_by=#{userId}
    </select>

</mapper>