<?xml version="1.0" encoding="UTF-8" ?>
<!DOCTYPE mapper
        PUBLIC "-//mybatis.org//DTD Mapper 3.0//EN"
        "http://mybatis.org/dtd/mybatis-3-mapper.dtd">
<mapper namespace="com.ruoyi.fmis.datatrack.mapper.BizProcessDataTrackMapper">

    <resultMap type="BizProcessDataTrack" id="BizProcessDataTrackResult">
        <result property="trackId" column="track_id"/>
        <result property="dataId" column="data_id"/>
        <result property="feedback" column="feedback"/>
        <result property="remark" column="remark"/>
        <result property="string1" column="string1"/>
        <result property="string2" column="string2"/>
        <result property="string3" column="string3"/>
        <result property="string4" column="string4"/>
        <result property="string5" column="string5"/>
        <result property="string6" column="string6"/>
        <result property="string7" column="string7"/>
        <result property="string8" column="string8"/>
        <result property="string9" column="string9"/>
        <result property="string10" column="string10"/>
        <result property="status" column="status"/>
        <result property="delFlag" column="del_flag"/>
        <result property="createBy" column="create_by"/>
        <result property="createTime" column="create_time"/>
        <result property="updateBy" column="update_by"/>
        <result property="updateTime" column="update_time"/>
    </resultMap>

    <sql id="selectBizProcessDataTrackVo">
        select track_id, data_id, feedback, remark, string1, string2, string3, string4, string5, string6, string7, string8, string9, string10, status, del_flag, create_by, create_time, update_by, update_time from biz_process_data_track
    </sql>

    <select id="selectBizProcessDataTrackList" parameterType="BizProcessDataTrack"
            resultMap="BizProcessDataTrackResult">
        <include refid="selectBizProcessDataTrackVo"/>
        <where>
            <if test="dataId != null ">and data_id = #{dataId}</if>
            <if test="feedback != null  and feedback != ''">and feedback = #{feedback}</if>
            <if test="string1 != null  and string1 != ''">and string1 = #{string1}</if>
            <if test="string2 != null  and string2 != ''">and string2 = #{string2}</if>
            <if test="string3 != null  and string3 != ''">and string3 = #{string3}</if>
            <if test="string4 != null  and string4 != ''">and string4 = #{string4}</if>
            <if test="string5 != null  and string5 != ''">and string5 = #{string5}</if>
            <if test="string6 != null  and string6 != ''">and string6 = #{string6}</if>
            <if test="string7 != null  and string7 != ''">and string7 = #{string7}</if>
            <if test="string8 != null  and string8 != ''">and string8 = #{string8}</if>
            <if test="string9 != null  and string9 != ''">and string9 = #{string9}</if>
            <if test="string10 != null  and string10 != ''">and string10 = #{string10}</if>
            <if test="status != null  and status != ''">and status = #{status}</if>
        </where>
    </select>

    <select id="selectBizProcessDataTrackById" parameterType="Long" resultMap="BizProcessDataTrackResult">
        <include refid="selectBizProcessDataTrackVo"/>
        where track_id = #{trackId}
    </select>

    <insert id="insertBizProcessDataTrack" parameterType="BizProcessDataTrack" useGeneratedKeys="true"
            keyProperty="trackId">
        insert into biz_process_data_track
        <trim prefix="(" suffix=")" suffixOverrides=",">
            <if test="dataId != null ">data_id,</if>
            <if test="feedback != null  and feedback != ''">feedback,</if>
            <if test="remark != null  and remark != ''">remark,</if>
            <if test="string1 != null  and string1 != ''">string1,</if>
            <if test="string2 != null  and string2 != ''">string2,</if>
            <if test="string3 != null  and string3 != ''">string3,</if>
            <if test="string4 != null  and string4 != ''">string4,</if>
            <if test="string5 != null  and string5 != ''">string5,</if>
            <if test="string6 != null  and string6 != ''">string6,</if>
            <if test="string7 != null  and string7 != ''">string7,</if>
            <if test="string8 != null  and string8 != ''">string8,</if>
            <if test="string9 != null  and string9 != ''">string9,</if>
            <if test="string10 != null  and string10 != ''">string10,</if>
            <if test="status != null  and status != ''">status,</if>
            <if test="delFlag != null  and delFlag != ''">del_flag,</if>
            <if test="createBy != null  and createBy != ''">create_by,</if>
            <if test="createTime != null ">create_time,</if>
            <if test="updateBy != null  and updateBy != ''">update_by,</if>
            <if test="updateTime != null ">update_time,</if>
        </trim>
        <trim prefix="values (" suffix=")" suffixOverrides=",">
            <if test="dataId != null ">#{dataId},</if>
            <if test="feedback != null  and feedback != ''">#{feedback},</if>
            <if test="remark != null  and remark != ''">#{remark},</if>
            <if test="string1 != null  and string1 != ''">#{string1},</if>
            <if test="string2 != null  and string2 != ''">#{string2},</if>
            <if test="string3 != null  and string3 != ''">#{string3},</if>
            <if test="string4 != null  and string4 != ''">#{string4},</if>
            <if test="string5 != null  and string5 != ''">#{string5},</if>
            <if test="string6 != null  and string6 != ''">#{string6},</if>
            <if test="string7 != null  and string7 != ''">#{string7},</if>
            <if test="string8 != null  and string8 != ''">#{string8},</if>
            <if test="string9 != null  and string9 != ''">#{string9},</if>
            <if test="string10 != null  and string10 != ''">#{string10},</if>
            <if test="status != null  and status != ''">#{status},</if>
            <if test="delFlag != null  and delFlag != ''">#{delFlag},</if>
            <if test="createBy != null  and createBy != ''">#{createBy},</if>
            <if test="createTime != null ">#{createTime},</if>
            <if test="updateBy != null  and updateBy != ''">#{updateBy},</if>
            <if test="updateTime != null ">#{updateTime},</if>
        </trim>
    </insert>

    <update id="updateBizProcessDataTrack" parameterType="BizProcessDataTrack">
        update biz_process_data_track
        <trim prefix="SET" suffixOverrides=",">
            <if test="dataId != null ">data_id = #{dataId},</if>
            <if test="feedback != null  and feedback != ''">feedback = #{feedback},</if>
            <if test="remark != null  and remark != ''">remark = #{remark},</if>
            <if test="string1 != null  and string1 != ''">string1 = #{string1},</if>
            <if test="string2 != null  and string2 != ''">string2 = #{string2},</if>
            <if test="string3 != null  and string3 != ''">string3 = #{string3},</if>
            <if test="string4 != null  and string4 != ''">string4 = #{string4},</if>
            <if test="string5 != null  and string5 != ''">string5 = #{string5},</if>
            <if test="string6 != null  and string6 != ''">string6 = #{string6},</if>
            <if test="string7 != null  and string7 != ''">string7 = #{string7},</if>
            <if test="string8 != null  and string8 != ''">string8 = #{string8},</if>
            <if test="string9 != null  and string9 != ''">string9 = #{string9},</if>
            <if test="string10 != null  and string10 != ''">string10 = #{string10},</if>
            <if test="status != null  and status != ''">status = #{status},</if>
            <if test="delFlag != null  and delFlag != ''">del_flag = #{delFlag},</if>
            <if test="createBy != null  and createBy != ''">create_by = #{createBy},</if>
            <if test="createTime != null ">create_time = #{createTime},</if>
            <if test="updateBy != null  and updateBy != ''">update_by = #{updateBy},</if>
            <if test="updateTime != null ">update_time = #{updateTime},</if>
        </trim>
        where track_id = #{trackId}
    </update>

    <delete id="deleteBizProcessDataTrackById" parameterType="Long">
        delete from biz_process_data_track where track_id = #{trackId}
    </delete>

    <delete id="deleteBizProcessDataTrackByIds" parameterType="String">
        delete from biz_process_data_track where track_id in
        <foreach item="trackId" collection="array" open="(" separator="," close=")">
            #{trackId}
        </foreach>
    </delete>

</mapper>