<?xml version="1.0" encoding="UTF-8" ?>
<!DOCTYPE mapper
PUBLIC "-//mybatis.org//DTD Mapper 3.0//EN"
"http://mybatis.org/dtd/mybatis-3-mapper.dtd">
<mapper namespace="com.ruoyi.fmis.finance.mapper.BizPayPlanMapper">

    <resultMap type="BizPayPlan" id="BizPayPlanResult">
        <result property="payPlanId"    column="pay_plan_id"    />
        <result property="payDataId"    column="pay_data_id"    />
        <result property="applyNo"    column="apply_no"    />
        <result property="applyDate"    column="apply_date"    />
        <result property="contractId"    column="contract_id"    />
        <result property="contractNo"    column="contract_no"    />
        <result property="contractPayWay"    column="contract_pay_way"    />
        <result property="applyPayCompany"    column="apply_pay_company"    />
        <result property="applyCollectionCompany"    column="apply_collection_company"    />
        <result property="applyAmount"    column="apply_amount"    />
        <result property="applyRemark"    column="apply_remark"    />
        <result property="payCompany"    column="pay_company"    />
        <result property="payAccount"    column="pay_account"    />
        <result property="payWay"    column="pay_way"    />
        <result property="paymentType"    column="payment_type"    />
        <result property="status"    column="status"    />
        <result property="payDate"    column="pay_date"    />
        <result property="bookingType"    column="booking_type"    />
        <result property="dataStatus"    column="data_status"    />
        <result property="createBy"    column="create_by"    />
        <result property="createTime"    column="create_time"    />
        <result property="updateBy"    column="update_by"    />
        <result property="updateTime"    column="update_time"    />
    </resultMap>

    <sql id="selectBizPayPlanVo">
        select pay_plan_id, pay_data_id, apply_no, apply_date, contract_id, contract_no, contract_pay_way, apply_pay_company, apply_collection_company, apply_amount, apply_remark, pay_company, pay_account, pay_way, payment_type, status, pay_date, booking_type, data_status, create_by, create_time, update_by, update_time from biz_pay_plan
    </sql>

    <select id="selectBizPayPlanList" parameterType="BizPayPlan" resultMap="BizPayPlanResult">
        <include refid="selectBizPayPlanVo"/>
        <where>
            <if test="payDataId != null "> and pay_data_id = #{payDataId}</if>
            <if test="applyNo != null  and applyNo != ''"> and apply_no like concat('%', #{applyNo}, '%')</if>
            <if test="applyDate != null "> and apply_date = #{applyDate}</if>
            <if test="contractId != null  and contractId != ''"> and contract_id = #{contractId}</if>
            <if test="contractNo != null  and contractNo != ''"> and contract_no like concat('%', #{contractNo}, '%')</if>
            <if test="contractPayWay != null  and contractPayWay != ''"> and contract_pay_way = #{contractPayWay}</if>
            <if test="applyPayCompany != null  and applyPayCompany != ''"> and apply_pay_company like concat('%', #{applyPayCompany}, '%')</if>
            <if test="applyCollectionCompany != null  and applyCollectionCompany != ''"> and apply_collection_company like concat('%', #{applyCollectionCompany}, '%')</if>
            <if test="applyAmount != null "> and apply_amount = #{applyAmount}</if>
            <if test="applyRemark != null  and applyRemark != ''"> and apply_remark = #{applyRemark}</if>
            <if test="payCompany != null  and payCompany != ''"> and pay_company like concat('%', #{payCompany}, '%')</if>
            <if test="payAccount != null  and payAccount != ''"> and pay_account = #{payAccount}</if>
            <if test="payWay != null  and payWay != ''"> and pay_way = #{payWay}</if>
            <if test="paymentType != null  and paymentType != ''"> and payment_type = #{paymentType}</if>
            <if test="status != null  and status != ''"> and status = #{status}</if>
            <if test="startTime != null and startTime != ''"> and pay_date &gt;= #{startTime}</if>
            <if test="payDate != null and payDate != ''"> and pay_date = #{payDate}</if>
            <if test="endTime != null and endTime != ''"> and pay_date &lt;= #{endTime}</if>
            <if test="bookingType != null  and bookingType != ''"> and booking_type = #{bookingType}</if>
            <if test="dataStatus != null  and dataStatus != ''"> and data_status = #{dataStatus}</if>
            <if test="dataStatusList != null  and dataStatusList.size > 0">
                and data_status in
                <foreach item="ds" collection="dataStatusList" open="(" separator="," close=")">
                    #{ds}
                </foreach>
            </if>
        </where>
        order by pay_data_id desc
    </select>

    <select id="selectBizPayPlanById" parameterType="Long" resultMap="BizPayPlanResult">
        <include refid="selectBizPayPlanVo"/>
        where pay_plan_id = #{payPlanId}
    </select>

    <insert id="insertBizPayPlan" parameterType="BizPayPlan" useGeneratedKeys="true" keyProperty="payPlanId">
        insert into biz_pay_plan
        <trim prefix="(" suffix=")" suffixOverrides=",">
            <if test="payDataId != null ">pay_data_id,</if>
            <if test="applyNo != null  and applyNo != ''">apply_no,</if>
            <if test="applyDate != null ">apply_date,</if>
            <if test="contractId != null  and contractId != ''">contract_id,</if>
            <if test="contractNo != null  and contractNo != ''">contract_no,</if>
            <if test="contractPayWay != null  and contractPayWay != ''">contract_pay_way,</if>
            <if test="applyPayCompany != null  and applyPayCompany != ''">apply_pay_company,</if>
            <if test="applyCollectionCompany != null  and applyCollectionCompany != ''">apply_collection_company,</if>
            <if test="applyAmount != null ">apply_amount,</if>
            <if test="applyRemark != null  and applyRemark != ''">apply_remark,</if>
            <if test="payCompany != null  and payCompany != ''">pay_company,</if>
            <if test="payAccount != null  and payAccount != ''">pay_account,</if>
            <if test="payWay != null  and payWay != ''">pay_way,</if>
            <if test="paymentType != null  and paymentType != ''">payment_type,</if>
            <if test="status != null  and status != ''">status,</if>
            <if test="payDate != null ">pay_date,</if>
            <if test="bookingType != null  and bookingType != ''">booking_type,</if>
            <if test="dataStatus != null  and dataStatus != ''">data_status,</if>
            <if test="createBy != null  and createBy != ''">create_by,</if>
            <if test="createTime != null ">create_time,</if>
            <if test="updateBy != null  and updateBy != ''">update_by,</if>
            <if test="updateTime != null ">update_time,</if>
        </trim>
        <trim prefix="values (" suffix=")" suffixOverrides=",">
            <if test="payDataId != null ">#{payDataId},</if>
            <if test="applyNo != null  and applyNo != ''">#{applyNo},</if>
            <if test="applyDate != null ">#{applyDate},</if>
            <if test="contractId != null  and contractId != ''">#{contractId},</if>
            <if test="contractNo != null  and contractNo != ''">#{contractNo},</if>
            <if test="contractPayWay != null  and contractPayWay != ''">#{contractPayWay},</if>
            <if test="applyPayCompany != null  and applyPayCompany != ''">#{applyPayCompany},</if>
            <if test="applyCollectionCompany != null  and applyCollectionCompany != ''">#{applyCollectionCompany},</if>
            <if test="applyAmount != null ">#{applyAmount},</if>
            <if test="applyRemark != null  and applyRemark != ''">#{applyRemark},</if>
            <if test="payCompany != null  and payCompany != ''">#{payCompany},</if>
            <if test="payAccount != null  and payAccount != ''">#{payAccount},</if>
            <if test="payWay != null  and payWay != ''">#{payWay},</if>
            <if test="paymentType != null  and paymentType != ''">#{paymentType},</if>
            <if test="status != null  and status != ''">#{status},</if>
            <if test="payDate != null ">#{payDate},</if>
            <if test="bookingType != null  and bookingType != ''">#{bookingType},</if>
            <if test="dataStatus != null  and dataStatus != ''">#{dataStatus},</if>
            <if test="createBy != null  and createBy != ''">#{createBy},</if>
            <if test="createTime != null ">#{createTime},</if>
            <if test="updateBy != null  and updateBy != ''">#{updateBy},</if>
            <if test="updateTime != null ">#{updateTime},</if>
        </trim>
    </insert>

    <update id="updateBizPayPlan" parameterType="BizPayPlan">
        update biz_pay_plan
        <trim prefix="SET" suffixOverrides=",">
            <if test="payDataId != null ">pay_data_id = #{payDataId},</if>
            <if test="applyNo != null  and applyNo != ''">apply_no = #{applyNo},</if>
            <if test="applyDate != null ">apply_date = #{applyDate},</if>
            <if test="contractId != null  and contractId != ''">contract_id = #{contractId},</if>
            <if test="contractNo != null  and contractNo != ''">contract_no = #{contractNo},</if>
            <if test="contractPayWay != null  and contractPayWay != ''">contract_pay_way = #{contractPayWay},</if>
            <if test="applyPayCompany != null  and applyPayCompany != ''">apply_pay_company = #{applyPayCompany},</if>
            <if test="applyCollectionCompany != null  and applyCollectionCompany != ''">apply_collection_company = #{applyCollectionCompany},</if>
            <if test="applyAmount != null ">apply_amount = #{applyAmount},</if>
            <if test="applyRemark != null  and applyRemark != ''">apply_remark = #{applyRemark},</if>
            <if test="payCompany != null  and payCompany != ''">pay_company = #{payCompany},</if>
            <if test="payAccount != null  and payAccount != ''">pay_account = #{payAccount},</if>
            <if test="payWay != null  and payWay != ''">pay_way = #{payWay},</if>
            <if test="paymentType != null  and paymentType != ''">payment_type = #{paymentType},</if>
            <if test="status != null  and status != ''">status = #{status},</if>
            <if test="payDate != null ">pay_date = #{payDate},</if>
            <if test="bookingType != null  and bookingType != ''">booking_type = #{bookingType},</if>
            <if test="dataStatus != null  and dataStatus != ''">data_status = #{dataStatus},</if>
            <if test="createBy != null  and createBy != ''">create_by = #{createBy},</if>
            <if test="createTime != null ">create_time = #{createTime},</if>
            <if test="updateBy != null  and updateBy != ''">update_by = #{updateBy},</if>
            <if test="updateTime != null ">update_time = #{updateTime},</if>
        </trim>
        where pay_plan_id = #{payPlanId}
    </update>


    <delete id="deleteBizPayPlanById" parameterType="Long">
        delete from biz_pay_plan where pay_plan_id = #{payPlanId}
    </delete>

    <delete id="deleteBizPayPlanByIds" parameterType="String">
        delete from biz_pay_plan where pay_plan_id in
        <foreach item="payPlanId" collection="array" open="(" separator="," close=")">
            #{payPlanId}
        </foreach>
    </delete>
    <update id="updateDataStatus">
        update biz_pay_plan set data_status=#{dataStatus} where pay_plan_id in
        <foreach item="payPlanId" collection="payPlanIds" open="(" separator="," close=")">
            #{payPlanId}
        </foreach>
    </update>
    <select id="selectBizPayPlanByIds" resultMap="BizPayPlanResult">
        select * from biz_pay_plan where pay_plan_id in
        <foreach item="payPlanId" collection="array" open="(" separator="," close=")">
            #{payPlanId}
        </foreach>
    </select>

</mapper>