<?xml version="1.0" encoding="UTF-8" ?>
<!DOCTYPE mapper
PUBLIC "-//mybatis.org//DTD Mapper 3.0//EN"
"http://mybatis.org/dtd/mybatis-3-mapper.dtd">
<mapper namespace="com.ruoyi.fmis.quotation.mapper.BizQuotationMapper">
    
    <resultMap type="BizQuotation" id="BizQuotationResult">
        <result property="quotationId"    column="quotation_id"    />
        <result property="productId"    column="product_id"    />
        <result property="productRef1Id"    column="product_ref1_id"    />
        <result property="productRef1Num"    column="product_ref1_num"    />
        <result property="productRef2Id"    column="product_ref2_id"    />
        <result property="productRef2Num"    column="product_ref2_num"    />
        <result property="actuatorId"    column="actuator_id"    />
        <result property="specialExpenses"    column="special_expenses"    />
        <result property="paymentMethod"    column="payment_method"    />
        <result property="freight"    column="freight"    />
        <result property="leadTime"    column="lead_time"    />
        <result property="reportProject"    column="report_project"    />

        <result property="normalFlag"    column="normal_flag"    />

        <result property="flowStatus"    column="flow_status"    />

        <result property="remark"    column="remark"    />
        <result property="string1"    column="string1"    />
        <result property="string2"    column="string2"    />
        <result property="string3"    column="string3"    />
        <result property="string4"    column="string4"    />
        <result property="string5"    column="string5"    />
        <result property="string6"    column="string6"    />
        <result property="string7"    column="string7"    />
        <result property="string8"    column="string8"    />
        <result property="string9"    column="string9"    />
        <result property="string10"    column="string10"    />
        <result property="string12"    column="string12"    />
        <result property="status"    column="status"    />
        <result property="delFlag"    column="del_flag"    />
        <result property="createBy"    column="create_by"    />
        <result property="createTime"    column="create_time"    />
        <result property="updateBy"    column="update_by"    />
        <result property="updateTime"    column="update_time"    />
        <result property="specifications"    column="specifications"    />
        <result property="nominalPressure"    column="nominal_pressure"    />
        <result property="connectionType"    column="connection_type"    />
        <result property="valvebodyMaterial"    column="valvebody_material"    />
        <result property="valveMaterial"    column="valve_material"    />
        <result property="sealingMaterial"    column="sealing_material"    />
        <result property="valveElement"    column="valve_element"    />
        <result property="driveForm"    column="drive_form"    />
        <result property="price"    column="price"    />
        <result property="supplier"    column="supplier"    />
        <result property="newSupplier"    column="new_supplier"    />
        <result property="structuralStyle"    column="structural_style"    />
        <result property="medium"    column="medium"    />
        <result property="temperature"    column="temperature"    />
        <result property="procurementPrice"    column="procurement_price"    />
        <result property="costPrice"    column="cost_price"    />
        <result property="productString1"    column="productString1"    />
        <result property="productString2"    column="productString2"    />

    </resultMap>

    <sql id="selectBizQuotationVo">
        select quotation_id, product_id, product_ref1_id, product_ref1_num, product_ref2_id, product_ref2_num, actuator_id, special_expenses, payment_method, freight, lead_time, report_project, normal_flag, flow_status, remark, string1, string2, string3, string4, string5, string6, string7, string8, string9, string10,string11,string12, string19,status, del_flag, create_by, create_time, update_by, update_time from biz_quotation
    </sql>
    
    <select id="selectBizQuotationByFlowStatus" resultMap="BizQuotationResult">
        select * from biz_quotation q
        left join sys_user u on q.create_by=u.user_id
        left join sys_dept dt on u.dept_id=dt.dept_id
        <where>
            flow_status in (
            <foreach collection="flows" item="item" separator=",">
                #{item}
            </foreach>
            )
            ${params.dataScope}
        </where>
    </select>

    <select id="selectBizQuotationList" parameterType="BizQuotation" resultMap="BizQuotationResult">
        <include refid="selectBizQuotationVo"/>
        <where>  
            <if test="freight != null and freight != ''"> and freight = #{freight}</if>
            <if test="string1 != null and string1 != ''"> and string1 = #{string1}</if>
            <if test="string2 != null and string2 != ''"> and string2 = #{string2}</if>
            <if test="noLoginId != null and noLoginId != ''"> and create_by != #{noLoginId}</if>
        </where>
    </select>

    <!-- 流程列表 -->
    <sql id="selectBizQuotationFlowVo">
        select q.quotation_id,q.product_id,q.product_ref1_id,q.product_ref1_num,q.product_ref2_id,q.product_ref2_num,q.actuator_id,
          q.special_expenses,q.payment_method,q.freight,q.lead_time,q.report_project,q.normal_flag,q.flow_status,q.remark,q.string1,
          q.string2,q.string3,q.string4,q.string5,q.string6,q.string7,q.string8,q.string9,q.string10,q.status,q.del_flag,u.user_name as create_by,
          q.create_time,q.update_by,q.update_time,
          p.name as productName,pr1.name as productRef1Name,pr2.name as productRef2Name,ac.name as actuatorName,
          ct.name as customerName,
          q.string11,q.string12,q.string13,q.string14,q.string15,q.string16,q.string17,q.string18,q.string19,q.string20,q.create_by as createById
        from biz_quotation q
        left join biz_product p on q.product_id=p.product_id
        left join biz_product_ref pr1 on pr1.product_ref_id=q.product_ref1_id
        left join biz_product_ref pr2 on pr2.product_ref_id=q.product_ref2_id
        left join biz_actuator ac on ac.actuator_id=q.actuator_id
        left join sys_user u on q.create_by=u.user_id
        left join sys_dept dt on u.dept_id=dt.dept_id
        left join biz_customer ct on ct.customer_id=q.string2
    </sql>
<!-- 流程状态0=未上报  1=销售员上报  2=销售经理同意 -2=销售经理不同意 3=区域经理同意 -3=区域经理不同意 4=副总同意 -4=副总不同意 5=老总同意 -5=老总不同意 -->
    <select id="selectBizQuotationFlowList" parameterType="BizQuotation" resultMap="BizQuotationResult">
        <include refid="selectBizQuotationFlowVo"/>
        <where>
            1=1
            <if test="quotationId != null and quotationId != ''"> and q.quotation_id = #{quotationId}</if>

            <if test="string1 != null and string1 != ''"> and q.string1 like concat('%', #{string1}, '%')</if>
            <if test="customerName != null and customerName != ''"> and ct.name like concat('%', #{customerName}, '%')</if>
            <if test="customerId != null and customerId != ''"> and ct.customer_id = #{customerId}</if>
            <if test="createBy != null and createBy != ''"> and u.user_name like concat('%', #{createBy}, '%')</if>


            <!-- 查找审核完成的 -->
            <if test="string6 == 3">
                and q.flow_status=q.normal_flag
            </if>

            <!-- string2作为角色参数 1=销售 2=销售经理 3=区域经理 4=副总 5=老总-->
            <if test="string2 == 1 ">
                <if test="string6 == 1 ">
                    and q.flow_status in ('0','-2','-3','-4','-5')
                </if>
                <if test="string6 == 2 ">
                    and q.flow_status != '0'
                </if>

                ${params.dataScope}
            </if>
            <!-- 销售经理 查看已上报的 -->
            <if test="string2 == 2 ">
                <if test="string6 == 0 ">
                    and q.flow_status in ('1','2','-2','3','-3','-4','-5','4','5')
                </if>
                <if test="string6 == 1 ">
                    and q.flow_status in ('1')
                </if>
                <if test="string6 == 2 ">
                    and q.flow_status in ('2','-2','3','-3','-4','-5','4','5')
                </if>
                ${params.dataScope}
            </if>
            <!-- 区域经理  查看 销售经理同意的  -->
            <if test="string2 == 3 ">
                <if test="string6 == 0 ">
                    and q.flow_status in ('1','2','3','-3','4','-4','-5','5')
                </if>
                <if test="string6 == 1 ">
                    and q.flow_status in ('2')
                </if>
                <if test="string6 == 2 ">
                    and q.flow_status in ('3','-3','4','-4','-5','5')
                </if>
                ${params.dataScope}
            </if>
            <!-- 副总  查看 区域经理同意的  -->
            <if test="string2 == 4 ">
                <if test="string6 == 0 ">
                    and q.flow_status in ('1','2','-2','3','4','-4','-5','5')
                </if>
                <if test="string6 == 1 ">
                    and q.flow_status in ('3')
                </if>
                <if test="string6 == 2 ">
                    and q.flow_status in ('4','-4','-5','5')
                </if>

                ${params.dataScope}
            </if>
            <!-- 总经理  查看 副总同意的  -->
            <if test="string2 == 5 ">
                <if test="string6 == 0 ">
                    and q.flow_status in ('1','2','-2','3','-3','4','5','-5')
                </if>
                <if test="string6 == 1 ">
                    and q.flow_status in ('4')
                </if>
                <if test="string6 == 2 ">
                    and q.flow_status in ('5','-5')
                </if>

                ${params.dataScope}

            </if>
        </where>
        <if test="string6 == 3 and customerName != null and customerName != ''">
            or (q.`create_by` = #{string20} and q.flow_status=q.normal_flag and  ct.name like concat('%', #{customerName}, '%'))
        </if>
        <if test="string6 != 3">
            or q.`create_by` = #{string20}
        </if>

        order by q.create_time desc
    </select>




    <sql id="selectBizQuotationProductVo">
        select q.quotation_id,
          q.special_expenses,q.payment_method,q.freight,q.lead_time,q.report_project,q.normal_flag,q.flow_status,q.remark,q.string1,
          q.string2,q.string3,q.string4,q.string5,q.string6,q.string7,q.string8,q.string9,q.string10,q.status,q.del_flag,u.user_name as create_by,
          q.create_time,q.update_by,q.update_time,
          ct.name as customerName,
          qp.product_id,qp.product_ref1_id,qp.product_ref1_num,qp.product_ref2_id,qp.product_ref2_num,qp.actuator_id,
          qp.product_num as productNum,qp.product_coefficient as productCoefficient,qp.product_ref1_coefficient as productRef1Coefficient,
          qp.product_ref2_coefficient as productRef2Coefficient,qp.actuator_num as actuatorNum,qp.actuator_coefficient as actuatorCoefficient,
          pr1.name as ref1Name,pr2.name as ref2Name,p.name as productName,ac.name as actuatorName,
          p.price as productPrice,pr1.price as ref1Price,pr2.price as ref2Price,ac.price as actuatorPrice,concat(q.quotation_id,'-',qp.product_id) as quotationProductId,

          d9.name as series, p.model, d1.name as specifications, d2.name as nominal_pressure,
          d3.name as connection_type, d6.name as valvebody_material, p.valve_material,
          d4.name as sealing_material, d5.name as valve_element,
          d7.name as drive_form,d8.name as structural_style,
          s.name as supplier, p.new_supplier,
          p.medium,p.temperature,p.other,d9.name as productString1,
          p.string2 as productString2,qp.string4 as productRemark,

          pa.attachment_id as pattachmentId,pa.bh as pattachmentName,qp.pattachment_price as pattachmentPrice,qp.pattachment_count as pattachmentCount,qp.pattachment_coefficient as pattachmentCoefficient,
          pa1.attachment_id as pattachment1Id,pa1.bh as pattachment1Name,qp.pattachment1_price as pattachment1Price,qp.pattachment1_count as pattachment1Count,qp.pattachment1_coefficient as pattachment1Coefficient,
          pa2.attachment_id as pattachment2Id,pa2.bh as pattachment2Name,qp.pattachment2_price as pattachment2Price,qp.pattachment2_count as pattachment2Count,qp.pattachment2_coefficient as pattachment2Coefficient,
          pa3.attachment_id as pattachment3Id,pa3.bh as pattachment3Name,qp.pattachment3_price as pattachment3Price,qp.pattachment3_count as pattachment3Count,qp.pattachment3_coefficient as pattachment3Coefficient,
          pa4.attachment_id as pattachment4Id,pa4.bh as pattachment4Name,qp.pattachment4_price as pattachment4Price,qp.pattachment4_count as pattachment4Count,qp.pattachment4_coefficient as pattachment4Coefficient,

          p.cost_price as productCostPrice,pr1.string3 as ref1CostPrice,pr2.string3 as ref2CostPrice,
          pa.cost_price as pattachmentCostPrice,pa1.cost_price as pattachment1CostPrice,
          pa2.cost_price as pattachment2CostPrice,pa3.cost_price as pattachment3CostPrice,pa4.cost_price as pattachment4CostPrice,
          (case when ac.string2 = '1' then ifnull(ac.string9,'0') when ac.string2 = '2' then ifnull(ac.string9,'0') end) as actuatorCostPrice


        from biz_quotation q
         join biz_quotation_product qp on qp.quotation_id=q.quotation_id

         left join biz_product_attachment pa on pa.attachment_id=qp.pattachment_id
         left join biz_product_attachment pa1 on pa1.attachment_id=qp.pattachment1_id
         left join biz_product_attachment pa2 on pa2.attachment_id=qp.pattachment2_id
         left join biz_product_attachment pa3 on pa3.attachment_id=qp.pattachment3_id
         left join biz_product_attachment pa4 on pa4.attachment_id=qp.pattachment4_id

        left join biz_product p on qp.product_id=p.product_id
        left join biz_product_ref pr1 on pr1.product_ref_id=qp.product_ref1_id
        left join biz_product_ref pr2 on pr2.product_ref_id=qp.product_ref2_id
        left join biz_actuator ac on ac.actuator_id=qp.actuator_id
        left join sys_user u on q.create_by=u.user_id
        left join sys_dept dt on u.dept_id=dt.dept_id
        left join biz_customer ct on ct.customer_id=q.string2

        left join biz_dict d on  d.parent_id=1 and p.series=d.dict_id
        left join biz_dict d1 on d1.parent_type='specification' and d1.dict_id=p.specifications
        left join biz_dict d2 on d2.parent_type='nominal_pressure' and d2.dict_id=p.nominal_pressure
        left join biz_dict d3 on d3.parent_type='link_type' and d3.dict_id=p.connection_type
        left join biz_dict d4 on d4.parent_type='sealing_material' and d4.dict_id=p.sealing_material
        left join biz_dict d5 on d5.parent_type='spool_material' and d5.dict_id=p.valve_element
        left join biz_dict d6 on d6.parent_type='body_material' and d6.dict_id=p.valvebody_material
        left join biz_dict d7 on d7.parent_type='drive_mode' and d7.dict_id=p.drive_form
        left join biz_dict d8 on d8.parent_type='structural_type' and d8.dict_id=p.structural_style
        left join biz_dict d9 on d9.parent_type='series_type' and d9.dict_id=p.string1
        left join biz_suppliers s on s.suppliers_id=p.supplier

    </sql>
    <!-- 流程状态0=未上报  1=销售员上报  2=销售经理同意 -2=销售经理不同意 3=区域经理同意 -3=区域经理不同意 4=副总同意 -4=副总不同意 5=老总同意 -5=老总不同意 -->
    <select id="selectBizQuotationProductList" parameterType="BizQuotation" resultMap="BizQuotationResult">
        <include refid="selectBizQuotationProductVo"/>
        <where>
            1=1
            <if test="quotationId != null"> and q.quotation_id = #{quotationId}</if>

            <if test="string1 != null"> and q.string1 like concat('%', #{string1}, '%')</if>
            <if test="customerName != null"> and ct.name like concat('%', #{customerName}, '%')</if>
            <if test="createBy != null"> and u.user_name like concat('%', #{createBy}, '%')</if>

            <if test="customerId != null"> and ct.customer_id = #{customerId}</if>
            <!-- 查找审核完成的
            <if test="string6 == 3">
                and q.flow_status=q.normal_flag
            </if>-->

        </where>
        order by qp.qp_id
    </select>

    <select id="selectBizQuotationById" parameterType="Long" resultMap="BizQuotationResult">
        <include refid="selectBizQuotationVo"/>
        where quotation_id = #{quotationId}
    </select>
        
    <insert id="insertBizQuotation" parameterType="BizQuotation" useGeneratedKeys="true" keyProperty="quotationId">
        insert into biz_quotation
        <trim prefix="(" suffix=")" suffixOverrides=",">
            <if test="productId != null ">product_id,</if>
            <if test="productRef1Id != null ">product_ref1_id,</if>
            <if test="productRef1Num != null  and productRef1Num != ''">product_ref1_num,</if>
            <if test="productRef2Id != null ">product_ref2_id,</if>
            <if test="productRef2Num != null  and productRef2Num != ''">product_ref2_num,</if>
            <if test="actuatorId != null ">actuator_id,</if>
            <if test="specialExpenses != null  and specialExpenses != ''">special_expenses,</if>
            <if test="paymentMethod != null  and paymentMethod != ''">payment_method,</if>
            <if test="freight != null ">freight,</if>
            <if test="leadTime != null  and leadTime != ''">lead_time,</if>
            <if test="reportProject != null  and reportProject != ''">report_project,</if>
            <if test="normalFlag != null  and normalFlag != ''">normal_flag,</if>
            <if test="flowStatus != null  and flowStatus != ''">flow_status,</if>

            <if test="remark != null  and remark != ''">remark,</if>
            <if test="string1 != null  and string1 != ''">string1,</if>
            <if test="string2 != null  and string2 != ''">string2,</if>
            <if test="string3 != null  and string3 != ''">string3,</if>
            <if test="string4 != null  and string4 != ''">string4,</if>
            <if test="string5 != null  and string5 != ''">string5,</if>
            <if test="string6 != null  and string6 != ''">string6,</if>
            <if test="string7 != null  and string7 != ''">string7,</if>
            <if test="string8 != null  and string8 != ''">string8,</if>
            <if test="string9 != null  and string9 != ''">string9,</if>
            <if test="string10 != null  and string10 != ''">string10,</if>
            <if test="status != null  and status != ''">status,</if>
            <if test="delFlag != null  and delFlag != ''">del_flag,</if>
            <if test="createBy != null  and createBy != ''">create_by,</if>
            <if test="createTime != null ">create_time,</if>
            <if test="updateBy != null  and updateBy != ''">update_by,</if>
            <if test="updateTime != null ">update_time,</if>

            <if test="string11 != null  and string11 != ''">string11,</if>
            <if test="string12 != null  and string12 != ''">string12,</if>
            <if test="string13 != null  and string13 != ''">string13,</if>
            <if test="string14 != null  and string14 != ''">string14,</if>
            <if test="string15 != null  and string15 != ''">string15,</if>
            <if test="string16 != null  and string16 != ''">string16,</if>
            <if test="string17 != null  and string17 != ''">string17,</if>
            <if test="string18 != null  and string18 != ''">string18,</if>
            <if test="string19 != null  and string19 != ''">string19,</if>
            <if test="string20 != null  and string20 != ''">string20,</if>
         </trim>
        <trim prefix="values (" suffix=")" suffixOverrides=",">
            <if test="productId != null ">#{productId},</if>
            <if test="productRef1Id != null ">#{productRef1Id},</if>
            <if test="productRef1Num != null  and productRef1Num != ''">#{productRef1Num},</if>
            <if test="productRef2Id != null ">#{productRef2Id},</if>
            <if test="productRef2Num != null  and productRef2Num != ''">#{productRef2Num},</if>
            <if test="actuatorId != null ">#{actuatorId},</if>
            <if test="specialExpenses != null  and specialExpenses != ''">#{specialExpenses},</if>
            <if test="paymentMethod != null  and paymentMethod != ''">#{paymentMethod},</if>
            <if test="freight != null ">#{freight},</if>
            <if test="leadTime != null  and leadTime != ''">#{leadTime},</if>
            <if test="reportProject != null  and reportProject != ''">#{reportProject},</if>
            <if test="normalFlag != null  and normalFlag != ''">#{normalFlag},</if>
            <if test="flowStatus != null  and flowStatus != ''">#{flowStatus},</if>
            <if test="remark != null  and remark != ''">#{remark},</if>
            <if test="string1 != null  and string1 != ''">#{string1},</if>
            <if test="string2 != null  and string2 != ''">#{string2},</if>
            <if test="string3 != null  and string3 != ''">#{string3},</if>
            <if test="string4 != null  and string4 != ''">#{string4},</if>
            <if test="string5 != null  and string5 != ''">#{string5},</if>
            <if test="string6 != null  and string6 != ''">#{string6},</if>
            <if test="string7 != null  and string7 != ''">#{string7},</if>
            <if test="string8 != null  and string8 != ''">#{string8},</if>
            <if test="string9 != null  and string9 != ''">#{string9},</if>
            <if test="string10 != null  and string10 != ''">#{string10},</if>
            <if test="status != null  and status != ''">#{status},</if>
            <if test="delFlag != null  and delFlag != ''">#{delFlag},</if>
            <if test="createBy != null  and createBy != ''">#{createBy},</if>
            <if test="createTime != null ">#{createTime},</if>
            <if test="updateBy != null  and updateBy != ''">#{updateBy},</if>
            <if test="updateTime != null ">#{updateTime},</if>

            <if test="string11 != null  and string11 != ''">#{string11},</if>
            <if test="string12 != null  and string12 != ''">#{string12},</if>
            <if test="string13 != null  and string13 != ''">#{string13},</if>
            <if test="string14 != null  and string14 != ''">#{string14},</if>
            <if test="string15 != null  and string15 != ''">#{string15},</if>
            <if test="string16 != null  and string16 != ''">#{string16},</if>
            <if test="string17 != null  and string17 != ''">#{string17},</if>
            <if test="string18 != null  and string18 != ''">#{string18},</if>
            <if test="string19 != null  and string19 != ''">#{string19},</if>
            <if test="string20 != null  and string20 != ''">#{string20},</if>
         </trim>
    </insert>

    <update id="updateBizQuotation" parameterType="BizQuotation">
        update biz_quotation
        <trim prefix="SET" suffixOverrides=",">
            <if test="productId != null ">product_id = #{productId},</if>
            <if test="productRef1Id != null ">product_ref1_id = #{productRef1Id},</if>
            <if test="productRef1Num != null  and productRef1Num != ''">product_ref1_num = #{productRef1Num},</if>
            <if test="productRef2Id != null ">product_ref2_id = #{productRef2Id},</if>
            <if test="productRef2Num != null  and productRef2Num != ''">product_ref2_num = #{productRef2Num},</if>
            <if test="actuatorId != null ">actuator_id = #{actuatorId},</if>
            <if test="specialExpenses != null  and specialExpenses != ''">special_expenses = #{specialExpenses},</if>
            <if test="paymentMethod != null  and paymentMethod != ''">payment_method = #{paymentMethod},</if>
            <if test="freight != null ">freight = #{freight},</if>
            <if test="leadTime != null  and leadTime != ''">lead_time = #{leadTime},</if>
            <if test="reportProject != null  and reportProject != ''">report_project = #{reportProject},</if>
            <if test="normalFlag != null  and normalFlag != ''">normal_flag = #{normalFlag},</if>
            <if test="flowStatus != null  and flowStatus != ''">flow_status = #{flowStatus},</if>
            <if test="remark != null  and remark != ''">remark = #{remark},</if>
            <if test="string1 != null  and string1 != ''">string1 = #{string1},</if>
            <if test="string2 != null  and string2 != ''">string2 = #{string2},</if>
            <if test="string3 != null  and string3 != ''">string3 = #{string3},</if>
            <if test="string4 != null  and string4 != ''">string4 = #{string4},</if>
            <if test="string5 != null  and string5 != ''">string5 = #{string5},</if>
            <if test="string6 != null  and string6 != ''">string6 = #{string6},</if>
            <if test="string7 != null  and string7 != ''">string7 = #{string7},</if>
            <if test="string8 != null  and string8 != ''">string8 = #{string8},</if>
            <if test="string9 != null  and string9 != ''">string9 = #{string9},</if>
            <if test="string10 != null  and string10 != ''">string10 = #{string10},</if>
            <if test="status != null  and status != ''">status = #{status},</if>
            <if test="delFlag != null  and delFlag != ''">del_flag = #{delFlag},</if>
            <if test="createBy != null  and createBy != ''">create_by = #{createBy},</if>
            <if test="createTime != null ">create_time = #{createTime},</if>
            <if test="updateBy != null  and updateBy != ''">update_by = #{updateBy},</if>
            <if test="updateTime != null ">update_time = #{updateTime},</if>

            <if test="string11 != null  and string11 != ''">string11 = #{string11},</if>
            <if test="string12 != null  and string12 != ''">string12 = #{string12},</if>
            <if test="string13 != null  and string13 != ''">string13 = #{string13},</if>
            <if test="string14 != null  and string14 != ''">string14 = #{string14},</if>
            <if test="string15 != null  and string15 != ''">string15 = #{string15},</if>
            <if test="string16 != null  and string16 != ''">string16 = #{string16},</if>
            <if test="string17 != null  and string17 != ''">string17 = #{string17},</if>
            <if test="string18 != null  and string18 != ''">string18 = #{string18},</if>
            <if test="string19 != null  and string19 != ''">string19 = #{string19},</if>
            <if test="string20 != null  and string20 != ''">string20 = #{string20},</if>
        </trim>
        where quotation_id = #{quotationId}
    </update>

    <delete id="deleteBizQuotationById" parameterType="Long">
        delete from biz_quotation where quotation_id = #{quotationId}
    </delete>

    <delete id="deleteBizQuotationByIds" parameterType="String">
        delete from biz_quotation where quotation_id in 
        <foreach item="quotationId" collection="array" open="(" separator="," close=")">
            #{quotationId}
        </foreach>
    </delete>
    
</mapper>