<?xml version="1.0" encoding="UTF-8" ?>
<!DOCTYPE mapper
PUBLIC "-//mybatis.org//DTD Mapper 3.0//EN"
"http://mybatis.org/dtd/mybatis-3-mapper.dtd">
<mapper namespace="com.ruoyi.fmis.subjects.mapper.BizSubjectsMapper">
    
    <resultMap type="BizSubjects" id="BizSubjectsResult">
        <result property="subjectsId"    column="subjects_id"    />
        <result property="name"    column="name"    />
        <result property="type"    column="type"    />
        <result property="parentId"    column="parent_id"    />
        <result property="level"    column="level"    />
        <result property="code"    column="code"    />
        <result property="remark"    column="remark"    />
        <result property="status"    column="status"    />
        <result property="delFlag"    column="del_flag"    />
        <result property="createBy"    column="create_by"    />
        <result property="createTime"    column="create_time"    />
        <result property="updateBy"    column="update_by"    />
        <result property="updateTime"    column="update_time"    />
    </resultMap>

    <sql id="selectBizSubjectsVo">
        select subjects_id, name, type, parent_id, level, code, remark, status, del_flag, create_by, create_time, update_by, update_time from biz_subjects
    </sql>

    <select id="selectBizSubjectsList" parameterType="BizSubjects" resultMap="BizSubjectsResult">
        <include refid="selectBizSubjectsVo"/>
        <where>  
            <if test="name != null  and name != ''"> and name like concat('%', #{name}, '%')</if>
            <if test="type != null  and type != ''"> and type = #{type}</if>
            <if test="parentId != null "> and parent_id = #{parentId}</if>
            <if test="level != null "> and level = #{level}</if>
            <if test="code != null  and code != ''"> and code = #{code}</if>
            <if test="status != null  and status != ''"> and status = #{status}</if>
        </where>
    </select>
    
    <select id="selectBizSubjectsById" parameterType="Long" resultMap="BizSubjectsResult">
        <include refid="selectBizSubjectsVo"/>
        where subjects_id = #{subjectsId}
    </select>
        
    <insert id="insertBizSubjects" parameterType="BizSubjects" useGeneratedKeys="true" keyProperty="subjectsId">
        insert into biz_subjects
        <trim prefix="(" suffix=")" suffixOverrides=",">
            <if test="name != null  and name != ''">name,</if>
            <if test="type != null  and type != ''">type,</if>
            <if test="parentId != null ">parent_id,</if>
            <if test="level != null ">level,</if>
            <if test="code != null  and code != ''">code,</if>
            <if test="remark != null  and remark != ''">remark,</if>
            <if test="status != null  and status != ''">status,</if>
            <if test="delFlag != null  and delFlag != ''">del_flag,</if>
            <if test="createBy != null  and createBy != ''">create_by,</if>
            <if test="createTime != null ">create_time,</if>
            <if test="updateBy != null  and updateBy != ''">update_by,</if>
            <if test="updateTime != null ">update_time,</if>
         </trim>
        <trim prefix="values (" suffix=")" suffixOverrides=",">
            <if test="name != null  and name != ''">#{name},</if>
            <if test="type != null  and type != ''">#{type},</if>
            <if test="parentId != null ">#{parentId},</if>
            <if test="level != null ">#{level},</if>
            <if test="code != null  and code != ''">#{code},</if>
            <if test="remark != null  and remark != ''">#{remark},</if>
            <if test="status != null  and status != ''">#{status},</if>
            <if test="delFlag != null  and delFlag != ''">#{delFlag},</if>
            <if test="createBy != null  and createBy != ''">#{createBy},</if>
            <if test="createTime != null ">#{createTime},</if>
            <if test="updateBy != null  and updateBy != ''">#{updateBy},</if>
            <if test="updateTime != null ">#{updateTime},</if>
         </trim>
    </insert>

    <update id="updateBizSubjects" parameterType="BizSubjects">
        update biz_subjects
        <trim prefix="SET" suffixOverrides=",">
            <if test="name != null  and name != ''">name = #{name},</if>
            <if test="type != null  and type != ''">type = #{type},</if>
            <if test="parentId != null ">parent_id = #{parentId},</if>
            <if test="level != null ">level = #{level},</if>
            <if test="code != null  and code != ''">code = #{code},</if>
            <if test="remark != null  and remark != ''">remark = #{remark},</if>
            <if test="status != null  and status != ''">status = #{status},</if>
            <if test="delFlag != null  and delFlag != ''">del_flag = #{delFlag},</if>
            <if test="createBy != null  and createBy != ''">create_by = #{createBy},</if>
            <if test="createTime != null ">create_time = #{createTime},</if>
            <if test="updateBy != null  and updateBy != ''">update_by = #{updateBy},</if>
            <if test="updateTime != null ">update_time = #{updateTime},</if>
        </trim>
        where subjects_id = #{subjectsId}
    </update>

    <delete id="deleteBizSubjectsById" parameterType="Long">
        delete from biz_subjects where subjects_id = #{subjectsId}
    </delete>

    <delete id="deleteBizSubjectsByIds" parameterType="String">
        delete from biz_subjects where subjects_id in 
        <foreach item="subjectsId" collection="array" open="(" separator="," close=")">
            #{subjectsId}
        </foreach>
    </delete>
    
</mapper>